task,target_day,business_day,ds,hour_business,period,y_true,actual_available_at,source_file
realtime,2026-01-25,2026-01-25,2026-01-25 01:00:00,1,1_8,301.561,2026-06-27T02:41:21.570567+00:00,data/shandong_pmos_hourly.xlsx
realtime,2026-01-25,2026-01-25,2026-01-26 00:00:00,24,17_24,333.527,2026-06-27T02:41:21.570567+00:00,data/shandong_pmos_hourly.xlsx
realtime,2026-01-25,2026-01-25,2026-01-25 23:00:00,23,17_24,386.387,2026-06-27T02:41:21.570567+00:00,data/shandong_pmos_hourly.xlsx
realtime,2026-01-25,2026-01-25,2026-01-25 22:00:00,22,17_24,490.202,2026-06-27T02:41:21.570567+00:00,data/shandong_pmos_hourly.xlsx
realtime,2026-01-25,2026-01-25,2026-01-25 21:00:00,21,17_24,457.861,2026-06-27T02:41:21.570567+00:00,data/shandong_pmos_hourly.xlsx
realtime,2026-01-25,2026-01-25,2026-01-25 20:00:00,20,17_24,390.47,2026-06-27T02:41:21.570567+00:00,data/shandong_pmos_hourly.xlsx
realtime,2026-01-25,2026-01-25,2026-01-25 19:00:00,19,17_24,357.897,2026-06-27T02:41:21.570567+00:00,data/shandong_pmos_hourly.xlsx
realtime,2026-01-25,2026-01-25,2026-01-25 17:00:00,17,17_24,414.759,2026-06-27T02:41:21.570567+00:00,data/shandong_pmos_hourly.xlsx
realtime,2026-01-25,2026-01-25,2026-01-25 16:00:00,16,9_16,337.436,2026-06-27T02:41:21.570567+00:00,data/shandong_pmos_hourly.xlsx
realtime,2026-01-25,2026-01-25,2026-01-25 15:00:00,15,9_16,303.185,2026-06-27T02:41:21.570567+00:00,data/shandong_pmos_hourly.xlsx
realtime,2026-01-25,2026-01-25,2026-01-25 14:00:00,14,9_16,160.21,2026-06-27T02:41:21.570567+00:00,data/shandong_pmos_hourly.xlsx
realtime,2026-01-25,2026-01-25,2026-01-25 13:00:00,13,9_16,-80.0,2026-06-27T02:41:21.570567+00:00,data/shandong_pmos_hourly.xlsx
realtime,2026-01-25,2026-01-25,2026-01-25 18:00:00,18,17_24,393.081,2026-06-27T02:41:21.570567+00:00,data/shandong_pmos_hourly.xlsx
realtime,2026-01-25,2026-01-25,2026-01-25 11:00:00,11,9_16,-80.0,2026-06-27T02:41:21.570567+00:00,data/shandong_pmos_hourly.xlsx
realtime,2026-01-25,2026-01-25,2026-01-25 12:00:00,12,9_16,-80.0,2026-06-27T02:41:21.570567+00:00,data/shandong_pmos_hourly.xlsx
realtime,2026-01-25,2026-01-25,2026-01-25 03:00:00,3,1_8,273.141,2026-06-27T02:41:21.570567+00:00,data/shandong_pmos_hourly.xlsx
realtime,2026-01-25,2026-01-25,2026-01-25 04:00:00,4,1_8,85.363,2026-06-27T02:41:21.570567+00:00,data/shandong_pmos_hourly.xlsx
realtime,2026-01-25,2026-01-25,2026-01-25 05:00:00,5,1_8,86.544,2026-06-27T02:41:21.570567+00:00,data/shandong_pmos_hourly.xlsx
realtime,2026-01-25,2026-01-25,2026-01-25 06:00:00,6,1_8,26.423,2026-06-27T02:41:21.570567+00:00,data/shandong_pmos_hourly.xlsx
realtime,2026-01-25,2026-01-25,2026-01-25 02:00:00,2,1_8,282.316,2026-06-27T02:41:21.570567+00:00,data/shandong_pmos_hourly.xlsx
realtime,2026-01-25,2026-01-25,2026-01-25 08:00:00,8,1_8,67.228,2026-06-27T02:41:21.570567+00:00,data/shandong_pmos_hourly.xlsx
realtime,2026-01-25,2026-01-25,2026-01-25 09:00:00,9,9_16,192.092,2026-06-27T02:41:21.570567+00:00,data/shandong_pmos_hourly.xlsx
realtime,2026-01-25,2026-01-25,2026-01-25 10:00:00,10,9_16,-80.0,2026-06-27T02:41:21.570567+00:00,data/shandong_pmos_hourly.xlsx
realtime,2026-01-25,2026-01-25,2026-01-25 07:00:00,7,1_8,-80.0,2026-06-27T02:41:21.570567+00:00,data/shandong_pmos_hourly.xlsx
realtime,2026-01-26,2026-01-26,2026-01-26 14:00:00,14,9_16,394.373,2026-06-27T02:50:21.113171+00:00,data/shandong_pmos_hourly.xlsx
realtime,2026-01-26,2026-01-26,2026-01-27 00:00:00,24,17_24,315.845,2026-06-27T02:50:21.113171+00:00,data/shandong_pmos_hourly.xlsx
realtime,2026-01-26,2026-01-26,2026-01-26 23:00:00,23,17_24,323.133,2026-06-27T02:50:21.113171+00:00,data/shandong_pmos_hourly.xlsx
realtime,2026-01-26,2026-01-26,2026-01-26 22:00:00,22,17_24,356.098,2026-06-27T02:50:21.113171+00:00,data/shandong_pmos_hourly.xlsx
realtime,2026-01-26,2026-01-26,2026-01-26 21:00:00,21,17_24,354.098,2026-06-27T02:50:21.113171+00:00,data/shandong_pmos_hourly.xlsx
realtime,2026-01-26,2026-01-26,2026-01-26 20:00:00,20,17_24,401.106,2026-06-27T02:50:21.113171+00:00,data/shandong_pmos_hourly.xlsx
realtime,2026-01-26,2026-01-26,2026-01-26 19:00:00,19,17_24,463.411,2026-06-27T02:50:21.113171+00:00,data/shandong_pmos_hourly.xlsx
realtime,2026-01-26,2026-01-26,2026-01-26 17:00:00,17,17_24,486.036,2026-06-27T02:50:21.113171+00:00,data/shandong_pmos_hourly.xlsx
realtime,2026-01-26,2026-01-26,2026-01-26 16:00:00,16,9_16,373.916,2026-06-27T02:50:21.113171+00:00,data/shandong_pmos_hourly.xlsx
realtime,2026-01-26,2026-01-26,2026-01-26 15:00:00,15,9_16,356.98,2026-06-27T02:50:21.113171+00:00,data/shandong_pmos_hourly.xlsx
realtime,2026-01-26,2026-01-26,2026-01-26 13:00:00,13,9_16,442.419,2026-06-27T02:50:21.113171+00:00,data/shandong_pmos_hourly.xlsx
realtime,2026-01-26,2026-01-26,2026-01-26 18:00:00,18,17_24,534.75,2026-06-27T02:50:21.113171+00:00,data/shandong_pmos_hourly.xlsx
realtime,2026-01-26,2026-01-26,2026-01-26 11:00:00,11,9_16,1275.122,2026-06-27T02:50:21.113171+00:00,data/shandong_pmos_hourly.xlsx
realtime,2026-01-26,2026-01-26,2026-01-26 02:00:00,2,1_8,334.93,2026-06-27T02:50:21.113171+00:00,data/shandong_pmos_hourly.xlsx
realtime,2026-01-26,2026-01-26,2026-01-26 03:00:00,3,1_8,334.594,2026-06-27T02:50:21.113171+00:00,data/shandong_pmos_hourly.xlsx
realtime,2026-01-26,2026-01-26,2026-01-26 04:00:00,4,1_8,334.254,2026-06-27T02:50:21.113171+00:00,data/shandong_pmos_hourly.xlsx
realtime,2026-01-26,2026-01-26,2026-01-26 05:00:00,5,1_8,329.854,2026-06-27T02:50:21.113171+00:00,data/shandong_pmos_hourly.xlsx
realtime,2026-01-26,2026-01-26,2026-01-26 06:00:00,6,1_8,329.201,2026-06-27T02:50:21.113171+00:00,data/shandong_pmos_hourly.xlsx
realtime,2026-01-26,2026-01-26,2026-01-26 01:00:00,1,1_8,331.888,2026-06-27T02:50:21.113171+00:00,data/shandong_pmos_hourly.xlsx
realtime,2026-01-26,2026-01-26,2026-01-26 07:00:00,7,1_8,324.586,2026-06-27T02:50:21.113171+00:00,data/shandong_pmos_hourly.xlsx
realtime,2026-01-26,2026-01-26,2026-01-26 10:00:00,10,9_16,1291.302,2026-06-27T02:50:21.113171+00:00,data/shandong_pmos_hourly.xlsx
realtime,2026-01-26,2026-01-26,2026-01-26 12:00:00,12,9_16,1051.962,2026-06-27T02:50:21.113171+00:00,data/shandong_pmos_hourly.xlsx
realtime,2026-01-26,2026-01-26,2026-01-26 08:00:00,8,1_8,332.64,2026-06-27T02:50:21.113171+00:00,data/shandong_pmos_hourly.xlsx
realtime,2026-01-26,2026-01-26,2026-01-26 09:00:00,9,9_16,813.45,2026-06-27T02:50:21.113171+00:00,data/shandong_pmos_hourly.xlsx
realtime,2026-01-27,2026-01-27,2026-01-27 13:00:00,13,9_16,-6.38,2026-06-27T02:59:17.852511+00:00,data/shandong_pmos_hourly.xlsx
realtime,2026-01-27,2026-01-27,2026-01-27 23:00:00,23,17_24,339.641,2026-06-27T02:59:17.852511+00:00,data/shandong_pmos_hourly.xlsx
realtime,2026-01-27,2026-01-27,2026-01-27 22:00:00,22,17_24,368.057,2026-06-27T02:59:17.852511+00:00,data/shandong_pmos_hourly.xlsx
realtime,2026-01-27,2026-01-27,2026-01-27 21:00:00,21,17_24,375.904,2026-06-27T02:59:17.852511+00:00,data/shandong_pmos_hourly.xlsx
realtime,2026-01-27,2026-01-27,2026-01-28 00:00:00,24,17_24,328.505,2026-06-27T02:59:17.852511+00:00,data/shandong_pmos_hourly.xlsx
realtime,2026-01-27,2026-01-27,2026-01-27 19:00:00,19,17_24,369.22,2026-06-27T02:59:17.852511+00:00,data/shandong_pmos_hourly.xlsx
realtime,2026-01-27,2026-01-27,2026-01-27 18:00:00,18,17_24,362.823,2026-06-27T02:59:17.852511+00:00,data/shandong_pmos_hourly.xlsx
realtime,2026-01-27,2026-01-27,2026-01-27 17:00:00,17,17_24,396.675,2026-06-27T02:59:17.852511+00:00,data/shandong_pmos_hourly.xlsx
realtime,2026-01-27,2026-01-27,2026-01-27 16:00:00,16,9_16,355.313,2026-06-27T02:59:17.852511+00:00,data/shandong_pmos_hourly.xlsx
realtime,2026-01-27,2026-01-27,2026-01-27 15:00:00,15,9_16,293.262,2026-06-27T02:59:17.852511+00:00,data/shandong_pmos_hourly.xlsx
realtime,2026-01-27,2026-01-27,2026-01-27 14:00:00,14,9_16,259.493,2026-06-27T02:59:17.852511+00:00,data/shandong_pmos_hourly.xlsx
realtime,2026-01-27,2026-01-27,2026-01-27 20:00:00,20,17_24,382.194,2026-06-27T02:59:17.852511+00:00,data/shandong_pmos_hourly.xlsx
realtime,2026-01-27,2026-01-27,2026-01-27 12:00:00,12,9_16,103.769,2026-06-27T02:59:17.852511+00:00,data/shandong_pmos_hourly.xlsx
realtime,2026-01-27,2026-01-27,2026-01-27 10:00:00,10,9_16,276.831,2026-06-27T02:59:17.852511+00:00,data/shandong_pmos_hourly.xlsx
realtime,2026-01-27,2026-01-27,2026-01-27 09:00:00,9,9_16,461.351,2026-06-27T02:59:17.852511+00:00,data/shandong_pmos_hourly.xlsx
realtime,2026-01-27,2026-01-27,2026-01-27 08:00:00,8,1_8,362.605,2026-06-27T02:59:17.852511+00:00,data/shandong_pmos_hourly.xlsx
realtime,2026-01-27,2026-01-27,2026-01-27 07:00:00,7,1_8,324.288,2026-06-27T02:59:17.852511+00:00,data/shandong_pmos_hourly.xlsx
realtime,2026-01-27,2026-01-27,2026-01-27 06:00:00,6,1_8,325.141,2026-06-27T02:59:17.852511+00:00,data/shandong_pmos_hourly.xlsx
realtime,2026-01-27,2026-01-27,2026-01-27 05:00:00,5,1_8,328.237,2026-06-27T02:59:17.852511+00:00,data/shandong_pmos_hourly.xlsx
realtime,2026-01-27,2026-01-27,2026-01-27 04:00:00,4,1_8,328.429,2026-06-27T02:59:17.852511+00:00,data/shandong_pmos_hourly.xlsx
realtime,2026-01-27,2026-01-27,2026-01-27 03:00:00,3,1_8,331.928,2026-06-27T02:59:17.852511+00:00,data/shandong_pmos_hourly.xlsx
realtime,2026-01-27,2026-01-27,2026-01-27 02:00:00,2,1_8,322.468,2026-06-27T02:59:17.852511+00:00,data/shandong_pmos_hourly.xlsx
realtime,2026-01-27,2026-01-27,2026-01-27 01:00:00,1,1_8,327.456,2026-06-27T02:59:17.852511+00:00,data/shandong_pmos_hourly.xlsx
realtime,2026-01-27,2026-01-27,2026-01-27 11:00:00,11,9_16,244.008,2026-06-27T02:59:17.852511+00:00,data/shandong_pmos_hourly.xlsx
realtime,2026-01-28,2026-01-28,2026-01-28 15:00:00,15,9_16,322.207,2026-06-27T03:08:21.660876+00:00,data/shandong_pmos_hourly.xlsx
realtime,2026-01-28,2026-01-28,2026-01-28 16:00:00,16,9_16,349.929,2026-06-27T03:08:21.660876+00:00,data/shandong_pmos_hourly.xlsx
realtime,2026-01-28,2026-01-28,2026-01-28 17:00:00,17,17_24,366.493,2026-06-27T03:08:21.660876+00:00,data/shandong_pmos_hourly.xlsx
realtime,2026-01-28,2026-01-28,2026-01-28 19:00:00,19,17_24,355.658,2026-06-27T03:08:21.660876+00:00,data/shandong_pmos_hourly.xlsx
realtime,2026-01-28,2026-01-28,2026-01-28 14:00:00,14,9_16,305.702,2026-06-27T03:08:21.660876+00:00,data/shandong_pmos_hourly.xlsx
realtime,2026-01-28,2026-01-28,2026-01-28 21:00:00,21,17_24,347.462,2026-06-27T03:08:21.660876+00:00,data/shandong_pmos_hourly.xlsx
realtime,2026-01-28,2026-01-28,2026-01-28 22:00:00,22,17_24,350.397,2026-06-27T03:08:21.660876+00:00,data/shandong_pmos_hourly.xlsx
realtime,2026-01-28,2026-01-28,2026-01-28 23:00:00,23,17_24,335.955,2026-06-27T03:08:21.660876+00:00,data/shandong_pmos_hourly.xlsx
realtime,2026-01-28,2026-01-28,2026-01-29 00:00:00,24,17_24,328.687,2026-06-27T03:08:21.660876+00:00,data/shandong_pmos_hourly.xlsx
realtime,2026-01-28,2026-01-28,2026-01-28 20:00:00,20,17_24,355.044,2026-06-27T03:08:21.660876+00:00,data/shandong_pmos_hourly.xlsx
realtime,2026-01-28,2026-01-28,2026-01-28 13:00:00,13,9_16,264.582,2026-06-27T03:08:21.660876+00:00,data/shandong_pmos_hourly.xlsx
realtime,2026-01-28,2026-01-28,2026-01-28 18:00:00,18,17_24,350.387,2026-06-27T03:08:21.660876+00:00,data/shandong_pmos_hourly.xlsx
realtime,2026-01-28,2026-01-28,2026-01-28 11:00:00,11,9_16,317.725,2026-06-27T03:08:21.660876+00:00,data/shandong_pmos_hourly.xlsx
realtime,2026-01-28,2026-01-28,2026-01-28 01:00:00,1,1_8,307.809,2026-06-27T03:08:21.660876+00:00,data/shandong_pmos_hourly.xlsx
realtime,2026-01-28,2026-01-28,2026-01-28 02:00:00,2,1_8,300.599,2026-06-27T03:08:21.660876+00:00,data/shandong_pmos_hourly.xlsx
realtime,2026-01-28,2026-01-28,2026-01-28 03:00:00,3,1_8,307.591,2026-06-27T03:08:21.660876+00:00,data/shandong_pmos_hourly.xlsx
realtime,2026-01-28,2026-01-28,2026-01-28 04:00:00,4,1_8,299.844,2026-06-27T03:08:21.660876+00:00,data/shandong_pmos_hourly.xlsx
realtime,2026-01-28,2026-01-28,2026-01-28 05:00:00,5,1_8,302.857,2026-06-27T03:08:21.660876+00:00,data/shandong_pmos_hourly.xlsx
realtime,2026-01-28,2026-01-28,2026-01-28 12:00:00,12,9_16,307.019,2026-06-27T03:08:21.660876+00:00,data/shandong_pmos_hourly.xlsx
realtime,2026-01-28,2026-01-28,2026-01-28 07:00:00,7,1_8,302.427,2026-06-27T03:08:21.660876+00:00,data/shandong_pmos_hourly.xlsx
realtime,2026-01-28,2026-01-28,2026-01-28 08:00:00,8,1_8,327.586,2026-06-27T03:08:21.660876+00:00,data/shandong_pmos_hourly.xlsx
realtime,2026-01-28,2026-01-28,2026-01-28 09:00:00,9,9_16,360.272,2026-06-27T03:08:21.660876+00:00,data/shandong_pmos_hourly.xlsx
realtime,2026-01-28,2026-01-28,2026-01-28 10:00:00,10,9_16,328.581,2026-06-27T03:08:21.660876+00:00,data/shandong_pmos_hourly.xlsx
realtime,2026-01-28,2026-01-28,2026-01-28 06:00:00,6,1_8,303.19,2026-06-27T03:08:21.660876+00:00,data/shandong_pmos_hourly.xlsx
realtime,2026-01-29,2026-01-29,2026-01-29 16:00:00,16,9_16,338.239,2026-06-27T03:17:18.235586+00:00,data/shandong_pmos_hourly.xlsx
realtime,2026-01-29,2026-01-29,2026-01-29 15:00:00,15,9_16,315.491,2026-06-27T03:17:18.235586+00:00,data/shandong_pmos_hourly.xlsx
realtime,2026-01-29,2026-01-29,2026-01-29 17:00:00,17,17_24,357.699,2026-06-27T03:17:18.235586+00:00,data/shandong_pmos_hourly.xlsx
realtime,2026-01-29,2026-01-29,2026-01-29 18:00:00,18,17_24,353.771,2026-06-27T03:17:18.235586+00:00,data/shandong_pmos_hourly.xlsx
realtime,2026-01-29,2026-01-29,2026-01-29 19:00:00,19,17_24,335.223,2026-06-27T03:17:18.235586+00:00,data/shandong_pmos_hourly.xlsx
realtime,2026-01-29,2026-01-29,2026-01-29 21:00:00,21,17_24,330.0,2026-06-27T03:17:18.235586+00:00,data/shandong_pmos_hourly.xlsx
realtime,2026-01-29,2026-01-29,2026-01-29 14:00:00,14,9_16,312.127,2026-06-27T03:17:18.235586+00:00,data/shandong_pmos_hourly.xlsx
realtime,2026-01-29,2026-01-29,2026-01-29 22:00:00,22,17_24,332.565,2026-06-27T03:17:18.235586+00:00,data/shandong_pmos_hourly.xlsx
realtime,2026-01-29,2026-01-29,2026-01-29 23:00:00,23,17_24,319.071,2026-06-27T03:17:18.235586+00:00,data/shandong_pmos_hourly.xlsx
realtime,2026-01-29,2026-01-29,2026-01-30 00:00:00,24,17_24,312.553,2026-06-27T03:17:18.235586+00:00,data/shandong_pmos_hourly.xlsx
realtime,2026-01-29,2026-01-29,2026-01-29 20:00:00,20,17_24,331.923,2026-06-27T03:17:18.235586+00:00,data/shandong_pmos_hourly.xlsx
realtime,2026-01-29,2026-01-29,2026-01-29 13:00:00,13,9_16,316.567,2026-06-27T03:17:18.235586+00:00,data/shandong_pmos_hourly.xlsx
realtime,2026-01-29,2026-01-29,2026-01-29 12:00:00,12,9_16,322.114,2026-06-27T03:17:18.235586+00:00,data/shandong_pmos_hourly.xlsx
realtime,2026-01-29,2026-01-29,2026-01-29 11:00:00,11,9_16,311.089,2026-06-27T03:17:18.235586+00:00,data/shandong_pmos_hourly.xlsx
realtime,2026-01-29,2026-01-29,2026-01-29 10:00:00,10,9_16,325.224,2026-06-27T03:17:18.235586+00:00,data/shandong_pmos_hourly.xlsx
realtime,2026-01-29,2026-01-29,2026-01-29 09:00:00,9,9_16,338.219,2026-06-27T03:17:18.235586+00:00,data/shandong_pmos_hourly.xlsx
realtime,2026-01-29,2026-01-29,2026-01-29 08:00:00,8,1_8,324.584,2026-06-27T03:17:18.235586+00:00,data/shandong_pmos_hourly.xlsx
realtime,2026-01-29,2026-01-29,2026-01-29 07:00:00,7,1_8,322.403,2026-06-27T03:17:18.235586+00:00,data/shandong_pmos_hourly.xlsx
realtime,2026-01-29,2026-01-29,2026-01-29 06:00:00,6,1_8,325.09,2026-06-27T03:17:18.235586+00:00,data/shandong_pmos_hourly.xlsx
realtime,2026-01-29,2026-01-29,2026-01-29 05:00:00,5,1_8,324.865,2026-06-27T03:17:18.235586+00:00,data/shandong_pmos_hourly.xlsx
realtime,2026-01-29,2026-01-29,2026-01-29 04:00:00,4,1_8,326.405,2026-06-27T03:17:18.235586+00:00,data/shandong_pmos_hourly.xlsx
realtime,2026-01-29,2026-01-29,2026-01-29 03:00:00,3,1_8,330.81,2026-06-27T03:17:18.235586+00:00,data/shandong_pmos_hourly.xlsx
realtime,2026-01-29,2026-01-29,2026-01-29 02:00:00,2,1_8,331.888,2026-06-27T03:17:18.235586+00:00,data/shandong_pmos_hourly.xlsx
realtime,2026-01-29,2026-01-29,2026-01-29 01:00:00,1,1_8,327.123,2026-06-27T03:17:18.235586+00:00,data/shandong_pmos_hourly.xlsx
realtime,2026-01-30,2026-01-30,2026-01-30 14:00:00,14,9_16,140.158,2026-06-27T03:26:16.408628+00:00,data/shandong_pmos_hourly.xlsx
realtime,2026-01-30,2026-01-30,2026-01-30 15:00:00,15,9_16,342.394,2026-06-27T03:26:16.408628+00:00,data/shandong_pmos_hourly.xlsx
realtime,2026-01-30,2026-01-30,2026-01-30 16:00:00,16,9_16,355.427,2026-06-27T03:26:16.408628+00:00,data/shandong_pmos_hourly.xlsx
realtime,2026-01-30,2026-01-30,2026-01-30 17:00:00,17,17_24,365.734,2026-06-27T03:26:16.408628+00:00,data/shandong_pmos_hourly.xlsx
realtime,2026-01-30,2026-01-30,2026-01-30 18:00:00,18,17_24,373.575,2026-06-27T03:26:16.408628+00:00,data/shandong_pmos_hourly.xlsx
realtime,2026-01-30,2026-01-30,2026-01-30 23:00:00,23,17_24,341.383,2026-06-27T03:26:16.408628+00:00,data/shandong_pmos_hourly.xlsx
realtime,2026-01-30,2026-01-30,2026-01-30 20:00:00,20,17_24,361.049,2026-06-27T03:26:16.408628+00:00,data/shandong_pmos_hourly.xlsx
realtime,2026-01-30,2026-01-30,2026-01-30 21:00:00,21,17_24,356.611,2026-06-27T03:26:16.408628+00:00,data/shandong_pmos_hourly.xlsx
realtime,2026-01-30,2026-01-30,2026-01-30 22:00:00,22,17_24,357.841,2026-06-27T03:26:16.408628+00:00,data/shandong_pmos_hourly.xlsx
realtime,2026-01-30,2026-01-30,2026-01-30 13:00:00,13,9_16,-80.0,2026-06-27T03:26:16.408628+00:00,data/shandong_pmos_hourly.xlsx
realtime,2026-01-30,2026-01-30,2026-01-30 19:00:00,19,17_24,366.11,2026-06-27T03:26:16.408628+00:00,data/shandong_pmos_hourly.xlsx
realtime,2026-01-30,2026-01-30,2026-01-31 00:00:00,24,17_24,334.715,2026-06-27T03:26:16.408628+00:00,data/shandong_pmos_hourly.xlsx
realtime,2026-01-30,2026-01-30,2026-01-30 12:00:00,12,9_16,-74.77,2026-06-27T03:26:16.408628+00:00,data/shandong_pmos_hourly.xlsx
realtime,2026-01-30,2026-01-30,2026-01-30 10:00:00,10,9_16,332.772,2026-06-27T03:26:16.408628+00:00,data/shandong_pmos_hourly.xlsx
realtime,2026-01-30,2026-01-30,2026-01-30 01:00:00,1,1_8,338.337,2026-06-27T03:26:16.408628+00:00,data/shandong_pmos_hourly.xlsx
realtime,2026-01-30,2026-01-30,2026-01-30 02:00:00,2,1_8,340.402,2026-06-27T03:26:16.408628+00:00,data/shandong_pmos_hourly.xlsx
realtime,2026-01-30,2026-01-30,2026-01-30 03:00:00,3,1_8,344.076,2026-06-27T03:26:16.408628+00:00,data/shandong_pmos_hourly.xlsx
realtime,2026-01-30,2026-01-30,2026-01-30 04:00:00,4,1_8,340.974,2026-06-27T03:26:16.408628+00:00,data/shandong_pmos_hourly.xlsx
realtime,2026-01-30,2026-01-30,2026-01-30 11:00:00,11,9_16,17.177,2026-06-27T03:26:16.408628+00:00,data/shandong_pmos_hourly.xlsx
realtime,2026-01-30,2026-01-30,2026-01-30 06:00:00,6,1_8,332.74,2026-06-27T03:26:16.408628+00:00,data/shandong_pmos_hourly.xlsx
realtime,2026-01-30,2026-01-30,2026-01-30 07:00:00,7,1_8,331.233,2026-06-27T03:26:16.408628+00:00,data/shandong_pmos_hourly.xlsx
realtime,2026-01-30,2026-01-30,2026-01-30 08:00:00,8,1_8,335.575,2026-06-27T03:26:16.408628+00:00,data/shandong_pmos_hourly.xlsx
realtime,2026-01-30,2026-01-30,2026-01-30 09:00:00,9,9_16,349.791,2026-06-27T03:26:16.408628+00:00,data/shandong_pmos_hourly.xlsx
realtime,2026-01-30,2026-01-30,2026-01-30 05:00:00,5,1_8,336.943,2026-06-27T03:26:16.408628+00:00,data/shandong_pmos_hourly.xlsx
realtime,2026-01-31,2026-01-31,2026-01-31 14:00:00,14,9_16,340.368,2026-06-27T03:35:28.421893+00:00,data/shandong_pmos_hourly.xlsx
realtime,2026-01-31,2026-01-31,2026-01-31 15:00:00,15,9_16,335.554,2026-06-27T03:35:28.421893+00:00,data/shandong_pmos_hourly.xlsx
realtime,2026-01-31,2026-01-31,2026-01-31 16:00:00,16,9_16,343.596,2026-06-27T03:35:28.421893+00:00,data/shandong_pmos_hourly.xlsx
realtime,2026-01-31,2026-01-31,2026-01-31 17:00:00,17,17_24,353.649,2026-06-27T03:35:28.421893+00:00,data/shandong_pmos_hourly.xlsx
realtime,2026-01-31,2026-01-31,2026-01-31 18:00:00,18,17_24,358.488,2026-06-27T03:35:28.421893+00:00,data/shandong_pmos_hourly.xlsx
realtime,2026-01-31,2026-01-31,2026-01-31 20:00:00,20,17_24,350.507,2026-06-27T03:35:28.421893+00:00,data/shandong_pmos_hourly.xlsx
realtime,2026-01-31,2026-01-31,2026-01-31 21:00:00,21,17_24,347.644,2026-06-27T03:35:28.421893+00:00,data/shandong_pmos_hourly.xlsx
realtime,2026-01-31,2026-01-31,2026-01-31 22:00:00,22,17_24,343.571,2026-06-27T03:35:28.421893+00:00,data/shandong_pmos_hourly.xlsx
realtime,2026-01-31,2026-01-31,2026-01-31 13:00:00,13,9_16,327.792,2026-06-27T03:35:28.421893+00:00,data/shandong_pmos_hourly.xlsx
realtime,2026-01-31,2026-01-31,2026-02-01 00:00:00,24,17_24,328.082,2026-06-27T03:35:28.421893+00:00,data/shandong_pmos_hourly.xlsx
realtime,2026-01-31,2026-01-31,2026-01-31 19:00:00,19,17_24,353.737,2026-06-27T03:35:28.421893+00:00,data/shandong_pmos_hourly.xlsx
realtime,2026-01-31,2026-01-31,2026-01-31 23:00:00,23,17_24,331.08,2026-06-27T03:35:28.421893+00:00,data/shandong_pmos_hourly.xlsx
realtime,2026-01-31,2026-01-31,2026-01-31 12:00:00,12,9_16,348.906,2026-06-27T03:35:28.421893+00:00,data/shandong_pmos_hourly.xlsx
realtime,2026-01-31,2026-01-31,2026-01-31 10:00:00,10,9_16,356.588,2026-06-27T03:35:28.421893+00:00,data/shandong_pmos_hourly.xlsx
realtime,2026-01-31,2026-01-31,2026-01-31 09:00:00,9,9_16,357.006,2026-06-27T03:35:28.421893+00:00,data/shandong_pmos_hourly.xlsx
realtime,2026-01-31,2026-01-31,2026-01-31 08:00:00,8,1_8,327.533,2026-06-27T03:35:28.421893+00:00,data/shandong_pmos_hourly.xlsx
realtime,2026-01-31,2026-01-31,2026-01-31 07:00:00,7,1_8,294.907,2026-06-27T03:35:28.421893+00:00,data/shandong_pmos_hourly.xlsx
realtime,2026-01-31,2026-01-31,2026-01-31 06:00:00,6,1_8,314.049,2026-06-27T03:35:28.421893+00:00,data/shandong_pmos_hourly.xlsx
realtime,2026-01-31,2026-01-31,2026-01-31 05:00:00,5,1_8,320.572,2026-06-27T03:35:28.421893+00:00,data/shandong_pmos_hourly.xlsx
realtime,2026-01-31,2026-01-31,2026-01-31 04:00:00,4,1_8,322.014,2026-06-27T03:35:28.421893+00:00,data/shandong_pmos_hourly.xlsx
realtime,2026-01-31,2026-01-31,2026-01-31 03:00:00,3,1_8,327.755,2026-06-27T03:35:28.421893+00:00,data/shandong_pmos_hourly.xlsx
realtime,2026-01-31,2026-01-31,2026-01-31 02:00:00,2,1_8,323.691,2026-06-27T03:35:28.421893+00:00,data/shandong_pmos_hourly.xlsx
realtime,2026-01-31,2026-01-31,2026-01-31 01:00:00,1,1_8,328.152,2026-06-27T03:35:28.421893+00:00,data/shandong_pmos_hourly.xlsx
realtime,2026-01-31,2026-01-31,2026-01-31 11:00:00,11,9_16,354.713,2026-06-27T03:35:28.421893+00:00,data/shandong_pmos_hourly.xlsx
realtime,2026-02-01,2026-02-01,2026-02-01 15:00:00,15,9_16,350.422,2026-06-27T03:46:21.561916+00:00,data/shandong_pmos_hourly.xlsx
realtime,2026-02-01,2026-02-01,2026-02-01 16:00:00,16,9_16,376.177,2026-06-27T03:46:21.561916+00:00,data/shandong_pmos_hourly.xlsx
realtime,2026-02-01,2026-02-01,2026-02-01 17:00:00,17,17_24,429.143,2026-06-27T03:46:21.561916+00:00,data/shandong_pmos_hourly.xlsx
realtime,2026-02-01,2026-02-01,2026-02-01 19:00:00,19,17_24,441.233,2026-06-27T03:46:21.561916+00:00,data/shandong_pmos_hourly.xlsx
realtime,2026-02-01,2026-02-01,2026-02-01 14:00:00,14,9_16,382.755,2026-06-27T03:46:21.561916+00:00,data/shandong_pmos_hourly.xlsx
realtime,2026-02-01,2026-02-01,2026-02-01 21:00:00,21,17_24,445.232,2026-06-27T03:46:21.561916+00:00,data/shandong_pmos_hourly.xlsx
realtime,2026-02-01,2026-02-01,2026-02-01 22:00:00,22,17_24,444.737,2026-06-27T03:46:21.561916+00:00,data/shandong_pmos_hourly.xlsx
realtime,2026-02-01,2026-02-01,2026-02-01 23:00:00,23,17_24,430.964,2026-06-27T03:46:21.561916+00:00,data/shandong_pmos_hourly.xlsx
realtime,2026-02-01,2026-02-01,2026-02-02 00:00:00,24,17_24,425.109,2026-06-27T03:46:21.561916+00:00,data/shandong_pmos_hourly.xlsx
realtime,2026-02-01,2026-02-01,2026-02-01 20:00:00,20,17_24,437.852,2026-06-27T03:46:21.561916+00:00,data/shandong_pmos_hourly.xlsx
realtime,2026-02-01,2026-02-01,2026-02-01 13:00:00,13,9_16,435.397,2026-06-27T03:46:21.561916+00:00,data/shandong_pmos_hourly.xlsx
realtime,2026-02-01,2026-02-01,2026-02-01 18:00:00,18,17_24,437.715,2026-06-27T03:46:21.561916+00:00,data/shandong_pmos_hourly.xlsx
realtime,2026-02-01,2026-02-01,2026-02-01 11:00:00,11,9_16,456.179,2026-06-27T03:46:21.561916+00:00,data/shandong_pmos_hourly.xlsx
realtime,2026-02-01,2026-02-01,2026-02-01 01:00:00,1,1_8,376.978,2026-06-27T03:46:21.561916+00:00,data/shandong_pmos_hourly.xlsx
realtime,2026-02-01,2026-02-01,2026-02-01 02:00:00,2,1_8,353.014,2026-06-27T03:46:21.561916+00:00,data/shandong_pmos_hourly.xlsx
realtime,2026-02-01,2026-02-01,2026-02-01 03:00:00,3,1_8,364.613,2026-06-27T03:46:21.561916+00:00,data/shandong_pmos_hourly.xlsx
realtime,2026-02-01,2026-02-01,2026-02-01 04:00:00,4,1_8,347.423,2026-06-27T03:46:21.561916+00:00,data/shandong_pmos_hourly.xlsx
realtime,2026-02-01,2026-02-01,2026-02-01 05:00:00,5,1_8,340.032,2026-06-27T03:46:21.561916+00:00,data/shandong_pmos_hourly.xlsx
realtime,2026-02-01,2026-02-01,2026-02-01 12:00:00,12,9_16,469.704,2026-06-27T03:46:21.561916+00:00,data/shandong_pmos_hourly.xlsx
realtime,2026-02-01,2026-02-01,2026-02-01 07:00:00,7,1_8,196.874,2026-06-27T03:46:21.561916+00:00,data/shandong_pmos_hourly.xlsx
realtime,2026-02-01,2026-02-01,2026-02-01 08:00:00,8,1_8,356.643,2026-06-27T03:46:21.561916+00:00,data/shandong_pmos_hourly.xlsx
realtime,2026-02-01,2026-02-01,2026-02-01 09:00:00,9,9_16,400.267,2026-06-27T03:46:21.561916+00:00,data/shandong_pmos_hourly.xlsx
realtime,2026-02-01,2026-02-01,2026-02-01 10:00:00,10,9_16,432.641,2026-06-27T03:46:21.561916+00:00,data/shandong_pmos_hourly.xlsx
realtime,2026-02-01,2026-02-01,2026-02-01 06:00:00,6,1_8,307.932,2026-06-27T03:46:21.561916+00:00,data/shandong_pmos_hourly.xlsx
realtime,2026-02-02,2026-02-02,2026-02-02 16:00:00,16,9_16,19.208,2026-06-27T04:02:20.787775+00:00,data/shandong_pmos_hourly.xlsx
realtime,2026-02-02,2026-02-02,2026-02-02 15:00:00,15,9_16,-80.0,2026-06-27T04:02:20.787775+00:00,data/shandong_pmos_hourly.xlsx
realtime,2026-02-02,2026-02-02,2026-02-02 17:00:00,17,17_24,378.111,2026-06-27T04:02:20.787775+00:00,data/shandong_pmos_hourly.xlsx
realtime,2026-02-02,2026-02-02,2026-02-02 18:00:00,18,17_24,407.284,2026-06-27T04:02:20.787775+00:00,data/shandong_pmos_hourly.xlsx
realtime,2026-02-02,2026-02-02,2026-02-02 19:00:00,19,17_24,419.902,2026-06-27T04:02:20.787775+00:00,data/shandong_pmos_hourly.xlsx
realtime,2026-02-02,2026-02-02,2026-02-02 22:00:00,22,17_24,427.313,2026-06-27T04:02:20.787775+00:00,data/shandong_pmos_hourly.xlsx
realtime,2026-02-02,2026-02-02,2026-02-02 21:00:00,21,17_24,425.65,2026-06-27T04:02:20.787775+00:00,data/shandong_pmos_hourly.xlsx
realtime,2026-02-02,2026-02-02,2026-02-02 14:00:00,14,9_16,-80.0,2026-06-27T04:02:20.787775+00:00,data/shandong_pmos_hourly.xlsx
realtime,2026-02-02,2026-02-02,2026-02-02 23:00:00,23,17_24,414.733,2026-06-27T04:02:20.787775+00:00,data/shandong_pmos_hourly.xlsx
realtime,2026-02-02,2026-02-02,2026-02-03 00:00:00,24,17_24,393.158,2026-06-27T04:02:20.787775+00:00,data/shandong_pmos_hourly.xlsx
realtime,2026-02-02,2026-02-02,2026-02-02 20:00:00,20,17_24,421.851,2026-06-27T04:02:20.787775+00:00,data/shandong_pmos_hourly.xlsx
realtime,2026-02-02,2026-02-02,2026-02-02 13:00:00,13,9_16,-80.0,2026-06-27T04:02:20.787775+00:00,data/shandong_pmos_hourly.xlsx
realtime,2026-02-02,2026-02-02,2026-02-02 12:00:00,12,9_16,-37.501,2026-06-27T04:02:20.787775+00:00,data/shandong_pmos_hourly.xlsx
realtime,2026-02-02,2026-02-02,2026-02-02 11:00:00,11,9_16,308.314,2026-06-27T04:02:20.787775+00:00,data/shandong_pmos_hourly.xlsx
realtime,2026-02-02,2026-02-02,2026-02-02 10:00:00,10,9_16,383.066,2026-06-27T04:02:20.787775+00:00,data/shandong_pmos_hourly.xlsx
realtime,2026-02-02,2026-02-02,2026-02-02 09:00:00,9,9_16,427.545,2026-06-27T04:02:20.787775+00:00,data/shandong_pmos_hourly.xlsx
realtime,2026-02-02,2026-02-02,2026-02-02 08:00:00,8,1_8,391.734,2026-06-27T04:02:20.787775+00:00,data/shandong_pmos_hourly.xlsx
realtime,2026-02-02,2026-02-02,2026-02-02 07:00:00,7,1_8,343.835,2026-06-27T04:02:20.787775+00:00,data/shandong_pmos_hourly.xlsx
realtime,2026-02-02,2026-02-02,2026-02-02 06:00:00,6,1_8,359.0,2026-06-27T04:02:20.787775+00:00,data/shandong_pmos_hourly.xlsx
realtime,2026-02-02,2026-02-02,2026-02-02 05:00:00,5,1_8,365.181,2026-06-27T04:02:20.787775+00:00,data/shandong_pmos_hourly.xlsx
realtime,2026-02-02,2026-02-02,2026-02-02 04:00:00,4,1_8,361.868,2026-06-27T04:02:20.787775+00:00,data/shandong_pmos_hourly.xlsx
realtime,2026-02-02,2026-02-02,2026-02-02 03:00:00,3,1_8,379.83,2026-06-27T04:02:20.787775+00:00,data/shandong_pmos_hourly.xlsx
realtime,2026-02-02,2026-02-02,2026-02-02 02:00:00,2,1_8,364.117,2026-06-27T04:02:20.787775+00:00,data/shandong_pmos_hourly.xlsx
realtime,2026-02-02,2026-02-02,2026-02-02 01:00:00,1,1_8,367.178,2026-06-27T04:02:20.787775+00:00,data/shandong_pmos_hourly.xlsx
realtime,2026-02-03,2026-02-03,2026-02-03 15:00:00,15,9_16,-74.641,2026-06-27T04:11:56.484266+00:00,data/shandong_pmos_hourly.xlsx
realtime,2026-02-03,2026-02-03,2026-02-03 17:00:00,17,17_24,326.403,2026-06-27T04:11:56.484266+00:00,data/shandong_pmos_hourly.xlsx
realtime,2026-02-03,2026-02-03,2026-02-03 18:00:00,18,17_24,344.043,2026-06-27T04:11:56.484266+00:00,data/shandong_pmos_hourly.xlsx
realtime,2026-02-03,2026-02-03,2026-02-03 19:00:00,19,17_24,340.306,2026-06-27T04:11:56.484266+00:00,data/shandong_pmos_hourly.xlsx
realtime,2026-02-03,2026-02-03,2026-02-03 16:00:00,16,9_16,126.929,2026-06-27T04:11:56.484266+00:00,data/shandong_pmos_hourly.xlsx
realtime,2026-02-03,2026-02-03,2026-02-03 21:00:00,21,17_24,334.888,2026-06-27T04:11:56.484266+00:00,data/shandong_pmos_hourly.xlsx
realtime,2026-02-03,2026-02-03,2026-02-03 22:00:00,22,17_24,366.828,2026-06-27T04:11:56.484266+00:00,data/shandong_pmos_hourly.xlsx
realtime,2026-02-03,2026-02-03,2026-02-03 23:00:00,23,17_24,298.828,2026-06-27T04:11:56.484266+00:00,data/shandong_pmos_hourly.xlsx
realtime,2026-02-03,2026-02-03,2026-02-04 00:00:00,24,17_24,103.542,2026-06-27T04:11:56.484266+00:00,data/shandong_pmos_hourly.xlsx
realtime,2026-02-03,2026-02-03,2026-02-03 14:00:00,14,9_16,-39.912,2026-06-27T04:11:56.484266+00:00,data/shandong_pmos_hourly.xlsx
realtime,2026-02-03,2026-02-03,2026-02-03 20:00:00,20,17_24,302.926,2026-06-27T04:11:56.484266+00:00,data/shandong_pmos_hourly.xlsx
realtime,2026-02-03,2026-02-03,2026-02-03 13:00:00,13,9_16,-21.193,2026-06-27T04:11:56.484266+00:00,data/shandong_pmos_hourly.xlsx
realtime,2026-02-03,2026-02-03,2026-02-03 12:00:00,12,9_16,41.35,2026-06-27T04:11:56.484266+00:00,data/shandong_pmos_hourly.xlsx
realtime,2026-02-03,2026-02-03,2026-02-03 11:00:00,11,9_16,-70.323,2026-06-27T04:11:56.484266+00:00,data/shandong_pmos_hourly.xlsx
realtime,2026-02-03,2026-02-03,2026-02-03 02:00:00,2,1_8,379.931,2026-06-27T04:11:56.484266+00:00,data/shandong_pmos_hourly.xlsx
realtime,2026-02-03,2026-02-03,2026-02-03 03:00:00,3,1_8,382.286,2026-06-27T04:11:56.484266+00:00,data/shandong_pmos_hourly.xlsx
realtime,2026-02-03,2026-02-03,2026-02-03 04:00:00,4,1_8,335.13,2026-06-27T04:11:56.484266+00:00,data/shandong_pmos_hourly.xlsx
realtime,2026-02-03,2026-02-03,2026-02-03 05:00:00,5,1_8,309.745,2026-06-27T04:11:56.484266+00:00,data/shandong_pmos_hourly.xlsx
realtime,2026-02-03,2026-02-03,2026-02-03 01:00:00,1,1_8,409.851,2026-06-27T04:11:56.484266+00:00,data/shandong_pmos_hourly.xlsx
realtime,2026-02-03,2026-02-03,2026-02-03 07:00:00,7,1_8,219.361,2026-06-27T04:11:56.484266+00:00,data/shandong_pmos_hourly.xlsx
realtime,2026-02-03,2026-02-03,2026-02-03 08:00:00,8,1_8,348.262,2026-06-27T04:11:56.484266+00:00,data/shandong_pmos_hourly.xlsx
realtime,2026-02-03,2026-02-03,2026-02-03 09:00:00,9,9_16,238.652,2026-06-27T04:11:56.484266+00:00,data/shandong_pmos_hourly.xlsx
realtime,2026-02-03,2026-02-03,2026-02-03 10:00:00,10,9_16,-80.0,2026-06-27T04:11:56.484266+00:00,data/shandong_pmos_hourly.xlsx
realtime,2026-02-03,2026-02-03,2026-02-03 06:00:00,6,1_8,272.095,2026-06-27T04:11:56.484266+00:00,data/shandong_pmos_hourly.xlsx
realtime,2026-02-04,2026-02-04,2026-02-04 15:00:00,15,9_16,355.701,2026-06-27T04:25:53.371090+00:00,data/shandong_pmos_hourly.xlsx
realtime,2026-02-04,2026-02-04,2026-02-05 00:00:00,24,17_24,548.425,2026-06-27T04:25:53.371090+00:00,data/shandong_pmos_hourly.xlsx
realtime,2026-02-04,2026-02-04,2026-02-04 23:00:00,23,17_24,583.393,2026-06-27T04:25:53.371090+00:00,data/shandong_pmos_hourly.xlsx
realtime,2026-02-04,2026-02-04,2026-02-04 22:00:00,22,17_24,564.937,2026-06-27T04:25:53.371090+00:00,data/shandong_pmos_hourly.xlsx
realtime,2026-02-04,2026-02-04,2026-02-04 21:00:00,21,17_24,563.703,2026-06-27T04:25:53.371090+00:00,data/shandong_pmos_hourly.xlsx
realtime,2026-02-04,2026-02-04,2026-02-04 20:00:00,20,17_24,561.596,2026-06-27T04:25:53.371090+00:00,data/shandong_pmos_hourly.xlsx
realtime,2026-02-04,2026-02-04,2026-02-04 19:00:00,19,17_24,552.129,2026-06-27T04:25:53.371090+00:00,data/shandong_pmos_hourly.xlsx
realtime,2026-02-04,2026-02-04,2026-02-04 18:00:00,18,17_24,566.111,2026-06-27T04:25:53.371090+00:00,data/shandong_pmos_hourly.xlsx
realtime,2026-02-04,2026-02-04,2026-02-04 17:00:00,17,17_24,597.318,2026-06-27T04:25:53.371090+00:00,data/shandong_pmos_hourly.xlsx
realtime,2026-02-04,2026-02-04,2026-02-04 16:00:00,16,9_16,511.258,2026-06-27T04:25:53.371090+00:00,data/shandong_pmos_hourly.xlsx
realtime,2026-02-04,2026-02-04,2026-02-04 14:00:00,14,9_16,252.339,2026-06-27T04:25:53.371090+00:00,data/shandong_pmos_hourly.xlsx
realtime,2026-02-04,2026-02-04,2026-02-04 13:00:00,13,9_16,108.832,2026-06-27T04:25:53.371090+00:00,data/shandong_pmos_hourly.xlsx
realtime,2026-02-04,2026-02-04,2026-02-04 01:00:00,1,1_8,-85.069,2026-06-27T04:25:53.371090+00:00,data/shandong_pmos_hourly.xlsx
realtime,2026-02-04,2026-02-04,2026-02-04 12:00:00,12,9_16,15.56,2026-06-27T04:25:53.371090+00:00,data/shandong_pmos_hourly.xlsx
realtime,2026-02-04,2026-02-04,2026-02-04 02:00:00,2,1_8,97.306,2026-06-27T04:25:53.371090+00:00,data/shandong_pmos_hourly.xlsx
realtime,2026-02-04,2026-02-04,2026-02-04 03:00:00,3,1_8,129.48,2026-06-27T04:25:53.371090+00:00,data/shandong_pmos_hourly.xlsx
realtime,2026-02-04,2026-02-04,2026-02-04 05:00:00,5,1_8,123.694,2026-06-27T04:25:53.371090+00:00,data/shandong_pmos_hourly.xlsx
realtime,2026-02-04,2026-02-04,2026-02-04 06:00:00,6,1_8,9.236,2026-06-27T04:25:53.371090+00:00,data/shandong_pmos_hourly.xlsx
realtime,2026-02-04,2026-02-04,2026-02-04 04:00:00,4,1_8,-54.358,2026-06-27T04:25:53.371090+00:00,data/shandong_pmos_hourly.xlsx
realtime,2026-02-04,2026-02-04,2026-02-04 08:00:00,8,1_8,47.06,2026-06-27T04:25:53.371090+00:00,data/shandong_pmos_hourly.xlsx
realtime,2026-02-04,2026-02-04,2026-02-04 09:00:00,9,9_16,404.122,2026-06-27T04:25:53.371090+00:00,data/shandong_pmos_hourly.xlsx
realtime,2026-02-04,2026-02-04,2026-02-04 10:00:00,10,9_16,392.015,2026-06-27T04:25:53.371090+00:00,data/shandong_pmos_hourly.xlsx
realtime,2026-02-04,2026-02-04,2026-02-04 11:00:00,11,9_16,59.325,2026-06-27T04:25:53.371090+00:00,data/shandong_pmos_hourly.xlsx
realtime,2026-02-04,2026-02-04,2026-02-04 07:00:00,7,1_8,-80.0,2026-06-27T04:25:53.371090+00:00,data/shandong_pmos_hourly.xlsx
realtime,2026-02-05,2026-02-05,2026-02-05 17:00:00,17,17_24,-80.0,2026-06-27T04:40:08.293073+00:00,data/shandong_pmos_hourly.xlsx
realtime,2026-02-05,2026-02-05,2026-02-05 14:00:00,14,9_16,-80.0,2026-06-27T04:40:08.293073+00:00,data/shandong_pmos_hourly.xlsx
realtime,2026-02-05,2026-02-05,2026-02-05 15:00:00,15,9_16,-80.0,2026-06-27T04:40:08.293073+00:00,data/shandong_pmos_hourly.xlsx
realtime,2026-02-05,2026-02-05,2026-02-05 16:00:00,16,9_16,-80.0,2026-06-27T04:40:08.293073+00:00,data/shandong_pmos_hourly.xlsx
realtime,2026-02-05,2026-02-05,2026-02-05 18:00:00,18,17_24,104.184,2026-06-27T04:40:08.293073+00:00,data/shandong_pmos_hourly.xlsx
realtime,2026-02-05,2026-02-05,2026-02-05 13:00:00,13,9_16,-58.771,2026-06-27T04:40:08.293073+00:00,data/shandong_pmos_hourly.xlsx
realtime,2026-02-05,2026-02-05,2026-02-05 20:00:00,20,17_24,291.964,2026-06-27T04:40:08.293073+00:00,data/shandong_pmos_hourly.xlsx
realtime,2026-02-05,2026-02-05,2026-02-05 21:00:00,21,17_24,317.765,2026-06-27T04:40:08.293073+00:00,data/shandong_pmos_hourly.xlsx
realtime,2026-02-05,2026-02-05,2026-02-05 22:00:00,22,17_24,335.145,2026-06-27T04:40:08.293073+00:00,data/shandong_pmos_hourly.xlsx
realtime,2026-02-05,2026-02-05,2026-02-05 23:00:00,23,17_24,352.038,2026-06-27T04:40:08.293073+00:00,data/shandong_pmos_hourly.xlsx
realtime,2026-02-05,2026-02-05,2026-02-05 19:00:00,19,17_24,275.46,2026-06-27T04:40:08.293073+00:00,data/shandong_pmos_hourly.xlsx
realtime,2026-02-05,2026-02-05,2026-02-06 00:00:00,24,17_24,335.166,2026-06-27T04:40:08.293073+00:00,data/shandong_pmos_hourly.xlsx
realtime,2026-02-05,2026-02-05,2026-02-05 12:00:00,12,9_16,100.388,2026-06-27T04:40:08.293073+00:00,data/shandong_pmos_hourly.xlsx
realtime,2026-02-05,2026-02-05,2026-02-05 10:00:00,10,9_16,-80.0,2026-06-27T04:40:08.293073+00:00,data/shandong_pmos_hourly.xlsx
realtime,2026-02-05,2026-02-05,2026-02-05 01:00:00,1,1_8,529.654,2026-06-27T04:40:08.293073+00:00,data/shandong_pmos_hourly.xlsx
realtime,2026-02-05,2026-02-05,2026-02-05 02:00:00,2,1_8,514.808,2026-06-27T04:40:08.293073+00:00,data/shandong_pmos_hourly.xlsx
realtime,2026-02-05,2026-02-05,2026-02-05 03:00:00,3,1_8,542.683,2026-06-27T04:40:08.293073+00:00,data/shandong_pmos_hourly.xlsx
realtime,2026-02-05,2026-02-05,2026-02-05 04:00:00,4,1_8,523.626,2026-06-27T04:40:08.293073+00:00,data/shandong_pmos_hourly.xlsx
realtime,2026-02-05,2026-02-05,2026-02-05 11:00:00,11,9_16,-75.602,2026-06-27T04:40:08.293073+00:00,data/shandong_pmos_hourly.xlsx
realtime,2026-02-05,2026-02-05,2026-02-05 06:00:00,6,1_8,458.473,2026-06-27T04:40:08.293073+00:00,data/shandong_pmos_hourly.xlsx
realtime,2026-02-05,2026-02-05,2026-02-05 07:00:00,7,1_8,433.025,2026-06-27T04:40:08.293073+00:00,data/shandong_pmos_hourly.xlsx
realtime,2026-02-05,2026-02-05,2026-02-05 08:00:00,8,1_8,542.76,2026-06-27T04:40:08.293073+00:00,data/shandong_pmos_hourly.xlsx
realtime,2026-02-05,2026-02-05,2026-02-05 09:00:00,9,9_16,258.098,2026-06-27T04:40:08.293073+00:00,data/shandong_pmos_hourly.xlsx
realtime,2026-02-05,2026-02-05,2026-02-05 05:00:00,5,1_8,518.266,2026-06-27T04:40:08.293073+00:00,data/shandong_pmos_hourly.xlsx
realtime,2026-02-06,2026-02-06,2026-02-07 00:00:00,24,17_24,439.867,2026-06-27T04:52:10.610481+00:00,data/shandong_pmos_hourly.xlsx
realtime,2026-02-06,2026-02-06,2026-02-06 23:00:00,23,17_24,449.819,2026-06-27T04:52:10.610481+00:00,data/shandong_pmos_hourly.xlsx
realtime,2026-02-06,2026-02-06,2026-02-06 22:00:00,22,17_24,459.784,2026-06-27T04:52:10.610481+00:00,data/shandong_pmos_hourly.xlsx
realtime,2026-02-06,2026-02-06,2026-02-06 21:00:00,21,17_24,470.133,2026-06-27T04:52:10.610481+00:00,data/shandong_pmos_hourly.xlsx
realtime,2026-02-06,2026-02-06,2026-02-06 20:00:00,20,17_24,700.547,2026-06-27T04:52:10.610481+00:00,data/shandong_pmos_hourly.xlsx
realtime,2026-02-06,2026-02-06,2026-02-06 19:00:00,19,17_24,607.192,2026-06-27T04:52:10.610481+00:00,data/shandong_pmos_hourly.xlsx
realtime,2026-02-06,2026-02-06,2026-02-06 18:00:00,18,17_24,557.422,2026-06-27T04:52:10.610481+00:00,data/shandong_pmos_hourly.xlsx
realtime,2026-02-06,2026-02-06,2026-02-06 17:00:00,17,17_24,484.098,2026-06-27T04:52:10.610481+00:00,data/shandong_pmos_hourly.xlsx
realtime,2026-02-06,2026-02-06,2026-02-06 16:00:00,16,9_16,449.486,2026-06-27T04:52:10.610481+00:00,data/shandong_pmos_hourly.xlsx
realtime,2026-02-06,2026-02-06,2026-02-06 14:00:00,14,9_16,318.202,2026-06-27T04:52:10.610481+00:00,data/shandong_pmos_hourly.xlsx
realtime,2026-02-06,2026-02-06,2026-02-06 13:00:00,13,9_16,-22.416,2026-06-27T04:52:10.610481+00:00,data/shandong_pmos_hourly.xlsx
realtime,2026-02-06,2026-02-06,2026-02-06 15:00:00,15,9_16,393.672,2026-06-27T04:52:10.610481+00:00,data/shandong_pmos_hourly.xlsx
realtime,2026-02-06,2026-02-06,2026-02-06 11:00:00,11,9_16,-35.989,2026-06-27T04:52:10.610481+00:00,data/shandong_pmos_hourly.xlsx
realtime,2026-02-06,2026-02-06,2026-02-06 01:00:00,1,1_8,306.237,2026-06-27T04:52:10.610481+00:00,data/shandong_pmos_hourly.xlsx
realtime,2026-02-06,2026-02-06,2026-02-06 02:00:00,2,1_8,215.634,2026-06-27T04:52:10.610481+00:00,data/shandong_pmos_hourly.xlsx
realtime,2026-02-06,2026-02-06,2026-02-06 03:00:00,3,1_8,-7.566,2026-06-27T04:52:10.610481+00:00,data/shandong_pmos_hourly.xlsx
realtime,2026-02-06,2026-02-06,2026-02-06 04:00:00,4,1_8,224.084,2026-06-27T04:52:10.610481+00:00,data/shandong_pmos_hourly.xlsx
realtime,2026-02-06,2026-02-06,2026-02-06 05:00:00,5,1_8,235.456,2026-06-27T04:52:10.610481+00:00,data/shandong_pmos_hourly.xlsx
realtime,2026-02-06,2026-02-06,2026-02-06 12:00:00,12,9_16,33.697,2026-06-27T04:52:10.610481+00:00,data/shandong_pmos_hourly.xlsx
realtime,2026-02-06,2026-02-06,2026-02-06 07:00:00,7,1_8,-43.791,2026-06-27T04:52:10.610481+00:00,data/shandong_pmos_hourly.xlsx
realtime,2026-02-06,2026-02-06,2026-02-06 08:00:00,8,1_8,313.907,2026-06-27T04:52:10.610481+00:00,data/shandong_pmos_hourly.xlsx
realtime,2026-02-06,2026-02-06,2026-02-06 09:00:00,9,9_16,238.346,2026-06-27T04:52:10.610481+00:00,data/shandong_pmos_hourly.xlsx
realtime,2026-02-06,2026-02-06,2026-02-06 10:00:00,10,9_16,6.56,2026-06-27T04:52:10.610481+00:00,data/shandong_pmos_hourly.xlsx
realtime,2026-02-06,2026-02-06,2026-02-06 06:00:00,6,1_8,81.135,2026-06-27T04:52:10.610481+00:00,data/shandong_pmos_hourly.xlsx
realtime,2026-02-07,2026-02-07,2026-02-07 14:00:00,14,9_16,-77.593,2026-06-27T05:18:19.716566+00:00,data/shandong_pmos_hourly.xlsx
realtime,2026-02-07,2026-02-07,2026-02-07 23:00:00,23,17_24,415.187,2026-06-27T05:18:19.716566+00:00,data/shandong_pmos_hourly.xlsx
realtime,2026-02-07,2026-02-07,2026-02-07 22:00:00,22,17_24,393.655,2026-06-27T05:18:19.716566+00:00,data/shandong_pmos_hourly.xlsx
realtime,2026-02-07,2026-02-07,2026-02-07 21:00:00,21,17_24,379.108,2026-06-27T05:18:19.716566+00:00,data/shandong_pmos_hourly.xlsx
realtime,2026-02-07,2026-02-07,2026-02-07 20:00:00,20,17_24,379.826,2026-06-27T05:18:19.716566+00:00,data/shandong_pmos_hourly.xlsx
realtime,2026-02-07,2026-02-07,2026-02-07 19:00:00,19,17_24,388.2,2026-06-27T05:18:19.716566+00:00,data/shandong_pmos_hourly.xlsx
realtime,2026-02-07,2026-02-07,2026-02-07 18:00:00,18,17_24,381.896,2026-06-27T05:18:19.716566+00:00,data/shandong_pmos_hourly.xlsx
realtime,2026-02-07,2026-02-07,2026-02-07 17:00:00,17,17_24,27.206,2026-06-27T05:18:19.716566+00:00,data/shandong_pmos_hourly.xlsx
realtime,2026-02-07,2026-02-07,2026-02-07 16:00:00,16,9_16,-80.0,2026-06-27T05:18:19.716566+00:00,data/shandong_pmos_hourly.xlsx
realtime,2026-02-07,2026-02-07,2026-02-07 15:00:00,15,9_16,-80.0,2026-06-27T05:18:19.716566+00:00,data/shandong_pmos_hourly.xlsx
realtime,2026-02-07,2026-02-07,2026-02-08 00:00:00,24,17_24,403.629,2026-06-27T05:18:19.716566+00:00,data/shandong_pmos_hourly.xlsx
realtime,2026-02-07,2026-02-07,2026-02-07 13:00:00,13,9_16,-78.023,2026-06-27T05:18:19.716566+00:00,data/shandong_pmos_hourly.xlsx
realtime,2026-02-07,2026-02-07,2026-02-07 11:00:00,11,9_16,27.867,2026-06-27T05:18:19.716566+00:00,data/shandong_pmos_hourly.xlsx
realtime,2026-02-07,2026-02-07,2026-02-07 01:00:00,1,1_8,426.331,2026-06-27T05:18:19.716566+00:00,data/shandong_pmos_hourly.xlsx
realtime,2026-02-07,2026-02-07,2026-02-07 02:00:00,2,1_8,413.804,2026-06-27T05:18:19.716566+00:00,data/shandong_pmos_hourly.xlsx
realtime,2026-02-07,2026-02-07,2026-02-07 03:00:00,3,1_8,425.447,2026-06-27T05:18:19.716566+00:00,data/shandong_pmos_hourly.xlsx
realtime,2026-02-07,2026-02-07,2026-02-07 04:00:00,4,1_8,406.976,2026-06-27T05:18:19.716566+00:00,data/shandong_pmos_hourly.xlsx
realtime,2026-02-07,2026-02-07,2026-02-07 05:00:00,5,1_8,403.547,2026-06-27T05:18:19.716566+00:00,data/shandong_pmos_hourly.xlsx
realtime,2026-02-07,2026-02-07,2026-02-07 12:00:00,12,9_16,-74.921,2026-06-27T05:18:19.716566+00:00,data/shandong_pmos_hourly.xlsx
realtime,2026-02-07,2026-02-07,2026-02-07 07:00:00,7,1_8,379.188,2026-06-27T05:18:19.716566+00:00,data/shandong_pmos_hourly.xlsx
realtime,2026-02-07,2026-02-07,2026-02-07 08:00:00,8,1_8,411.675,2026-06-27T05:18:19.716566+00:00,data/shandong_pmos_hourly.xlsx
realtime,2026-02-07,2026-02-07,2026-02-07 09:00:00,9,9_16,418.944,2026-06-27T05:18:19.716566+00:00,data/shandong_pmos_hourly.xlsx
realtime,2026-02-07,2026-02-07,2026-02-07 10:00:00,10,9_16,354.292,2026-06-27T05:18:19.716566+00:00,data/shandong_pmos_hourly.xlsx
realtime,2026-02-07,2026-02-07,2026-02-07 06:00:00,6,1_8,399.842,2026-06-27T05:18:19.716566+00:00,data/shandong_pmos_hourly.xlsx
realtime,2026-02-08,2026-02-08,2026-02-08 14:00:00,14,9_16,-80.0,2026-06-27T05:43:20.444788+00:00,data/shandong_pmos_hourly.xlsx
realtime,2026-02-08,2026-02-08,2026-02-08 15:00:00,15,9_16,-80.0,2026-06-27T05:43:20.444788+00:00,data/shandong_pmos_hourly.xlsx
realtime,2026-02-08,2026-02-08,2026-02-08 16:00:00,16,9_16,-80.0,2026-06-27T05:43:20.444788+00:00,data/shandong_pmos_hourly.xlsx
realtime,2026-02-08,2026-02-08,2026-02-08 17:00:00,17,17_24,147.723,2026-06-27T05:43:20.444788+00:00,data/shandong_pmos_hourly.xlsx
realtime,2026-02-08,2026-02-08,2026-02-08 18:00:00,18,17_24,366.209,2026-06-27T05:43:20.444788+00:00,data/shandong_pmos_hourly.xlsx
realtime,2026-02-08,2026-02-08,2026-02-08 20:00:00,20,17_24,401.532,2026-06-27T05:43:20.444788+00:00,data/shandong_pmos_hourly.xlsx
realtime,2026-02-08,2026-02-08,2026-02-08 21:00:00,21,17_24,397.792,2026-06-27T05:43:20.444788+00:00,data/shandong_pmos_hourly.xlsx
realtime,2026-02-08,2026-02-08,2026-02-08 22:00:00,22,17_24,396.451,2026-06-27T05:43:20.444788+00:00,data/shandong_pmos_hourly.xlsx
realtime,2026-02-08,2026-02-08,2026-02-08 23:00:00,23,17_24,380.985,2026-06-27T05:43:20.444788+00:00,data/shandong_pmos_hourly.xlsx
realtime,2026-02-08,2026-02-08,2026-02-08 13:00:00,13,9_16,-80.0,2026-06-27T05:43:20.444788+00:00,data/shandong_pmos_hourly.xlsx
realtime,2026-02-08,2026-02-08,2026-02-08 19:00:00,19,17_24,388.549,2026-06-27T05:43:20.444788+00:00,data/shandong_pmos_hourly.xlsx
realtime,2026-02-08,2026-02-08,2026-02-09 00:00:00,24,17_24,179.661,2026-06-27T05:43:20.444788+00:00,data/shandong_pmos_hourly.xlsx
realtime,2026-02-08,2026-02-08,2026-02-08 12:00:00,12,9_16,-80.0,2026-06-27T05:43:20.444788+00:00,data/shandong_pmos_hourly.xlsx
realtime,2026-02-08,2026-02-08,2026-02-08 10:00:00,10,9_16,-80.0,2026-06-27T05:43:20.444788+00:00,data/shandong_pmos_hourly.xlsx
realtime,2026-02-08,2026-02-08,2026-02-08 09:00:00,9,9_16,147.389,2026-06-27T05:43:20.444788+00:00,data/shandong_pmos_hourly.xlsx
realtime,2026-02-08,2026-02-08,2026-02-08 08:00:00,8,1_8,380.299,2026-06-27T05:43:20.444788+00:00,data/shandong_pmos_hourly.xlsx
realtime,2026-02-08,2026-02-08,2026-02-08 07:00:00,7,1_8,351.596,2026-06-27T05:43:20.444788+00:00,data/shandong_pmos_hourly.xlsx
realtime,2026-02-08,2026-02-08,2026-02-08 06:00:00,6,1_8,375.349,2026-06-27T05:43:20.444788+00:00,data/shandong_pmos_hourly.xlsx
realtime,2026-02-08,2026-02-08,2026-02-08 05:00:00,5,1_8,389.006,2026-06-27T05:43:20.444788+00:00,data/shandong_pmos_hourly.xlsx
realtime,2026-02-08,2026-02-08,2026-02-08 04:00:00,4,1_8,405.165,2026-06-27T05:43:20.444788+00:00,data/shandong_pmos_hourly.xlsx
realtime,2026-02-08,2026-02-08,2026-02-08 03:00:00,3,1_8,422.227,2026-06-27T05:43:20.444788+00:00,data/shandong_pmos_hourly.xlsx
realtime,2026-02-08,2026-02-08,2026-02-08 02:00:00,2,1_8,413.101,2026-06-27T05:43:20.444788+00:00,data/shandong_pmos_hourly.xlsx
realtime,2026-02-08,2026-02-08,2026-02-08 01:00:00,1,1_8,441.664,2026-06-27T05:43:20.444788+00:00,data/shandong_pmos_hourly.xlsx
realtime,2026-02-08,2026-02-08,2026-02-08 11:00:00,11,9_16,-80.0,2026-06-27T05:43:20.444788+00:00,data/shandong_pmos_hourly.xlsx
realtime,2026-02-09,2026-02-09,2026-02-09 15:00:00,15,9_16,-80.0,2026-06-27T06:04:05.817258+00:00,data/shandong_pmos_hourly.xlsx
realtime,2026-02-09,2026-02-09,2026-02-09 16:00:00,16,9_16,-80.0,2026-06-27T06:04:05.817258+00:00,data/shandong_pmos_hourly.xlsx
realtime,2026-02-09,2026-02-09,2026-02-09 17:00:00,17,17_24,319.345,2026-06-27T06:04:05.817258+00:00,data/shandong_pmos_hourly.xlsx
realtime,2026-02-09,2026-02-09,2026-02-09 18:00:00,18,17_24,225.839,2026-06-27T06:04:05.817258+00:00,data/shandong_pmos_hourly.xlsx
realtime,2026-02-09,2026-02-09,2026-02-09 19:00:00,19,17_24,324.929,2026-06-27T06:04:05.817258+00:00,data/shandong_pmos_hourly.xlsx
realtime,2026-02-09,2026-02-09,2026-02-10 00:00:00,24,17_24,296.693,2026-06-27T06:04:05.817258+00:00,data/shandong_pmos_hourly.xlsx
realtime,2026-02-09,2026-02-09,2026-02-09 21:00:00,21,17_24,333.974,2026-06-27T06:04:05.817258+00:00,data/shandong_pmos_hourly.xlsx
realtime,2026-02-09,2026-02-09,2026-02-09 22:00:00,22,17_24,348.382,2026-06-27T06:04:05.817258+00:00,data/shandong_pmos_hourly.xlsx
realtime,2026-02-09,2026-02-09,2026-02-09 23:00:00,23,17_24,300.297,2026-06-27T06:04:05.817258+00:00,data/shandong_pmos_hourly.xlsx
realtime,2026-02-09,2026-02-09,2026-02-09 14:00:00,14,9_16,-76.885,2026-06-27T06:04:05.817258+00:00,data/shandong_pmos_hourly.xlsx
realtime,2026-02-09,2026-02-09,2026-02-09 20:00:00,20,17_24,330.077,2026-06-27T06:04:05.817258+00:00,data/shandong_pmos_hourly.xlsx
realtime,2026-02-09,2026-02-09,2026-02-09 13:00:00,13,9_16,-66.425,2026-06-27T06:04:05.817258+00:00,data/shandong_pmos_hourly.xlsx
realtime,2026-02-09,2026-02-09,2026-02-09 12:00:00,12,9_16,-66.315,2026-06-27T06:04:05.817258+00:00,data/shandong_pmos_hourly.xlsx
realtime,2026-02-09,2026-02-09,2026-02-09 11:00:00,11,9_16,-70.395,2026-06-27T06:04:05.817258+00:00,data/shandong_pmos_hourly.xlsx
realtime,2026-02-09,2026-02-09,2026-02-09 02:00:00,2,1_8,-80.0,2026-06-27T06:04:05.817258+00:00,data/shandong_pmos_hourly.xlsx
realtime,2026-02-09,2026-02-09,2026-02-09 03:00:00,3,1_8,-80.0,2026-06-27T06:04:05.817258+00:00,data/shandong_pmos_hourly.xlsx
realtime,2026-02-09,2026-02-09,2026-02-09 04:00:00,4,1_8,-80.0,2026-06-27T06:04:05.817258+00:00,data/shandong_pmos_hourly.xlsx
realtime,2026-02-09,2026-02-09,2026-02-09 05:00:00,5,1_8,-80.0,2026-06-27T06:04:05.817258+00:00,data/shandong_pmos_hourly.xlsx
realtime,2026-02-09,2026-02-09,2026-02-09 01:00:00,1,1_8,-59.776,2026-06-27T06:04:05.817258+00:00,data/shandong_pmos_hourly.xlsx
realtime,2026-02-09,2026-02-09,2026-02-09 07:00:00,7,1_8,-80.0,2026-06-27T06:04:05.817258+00:00,data/shandong_pmos_hourly.xlsx
realtime,2026-02-09,2026-02-09,2026-02-09 08:00:00,8,1_8,60.058,2026-06-27T06:04:05.817258+00:00,data/shandong_pmos_hourly.xlsx
realtime,2026-02-09,2026-02-09,2026-02-09 09:00:00,9,9_16,-71.802,2026-06-27T06:04:05.817258+00:00,data/shandong_pmos_hourly.xlsx
realtime,2026-02-09,2026-02-09,2026-02-09 10:00:00,10,9_16,-80.0,2026-06-27T06:04:05.817258+00:00,data/shandong_pmos_hourly.xlsx
realtime,2026-02-09,2026-02-09,2026-02-09 06:00:00,6,1_8,-80.0,2026-06-27T06:04:05.817258+00:00,data/shandong_pmos_hourly.xlsx
realtime,2026-02-10,2026-02-10,2026-02-10 15:00:00,15,9_16,335.111,2026-06-27T06:30:14.010646+00:00,data/shandong_pmos_hourly.xlsx
realtime,2026-02-10,2026-02-10,2026-02-11 00:00:00,24,17_24,363.112,2026-06-27T06:30:14.010646+00:00,data/shandong_pmos_hourly.xlsx
realtime,2026-02-10,2026-02-10,2026-02-10 23:00:00,23,17_24,399.99,2026-06-27T06:30:14.010646+00:00,data/shandong_pmos_hourly.xlsx
realtime,2026-02-10,2026-02-10,2026-02-10 22:00:00,22,17_24,456.048,2026-06-27T06:30:14.010646+00:00,data/shandong_pmos_hourly.xlsx
realtime,2026-02-10,2026-02-10,2026-02-10 21:00:00,21,17_24,412.253,2026-06-27T06:30:14.010646+00:00,data/shandong_pmos_hourly.xlsx
realtime,2026-02-10,2026-02-10,2026-02-10 20:00:00,20,17_24,379.195,2026-06-27T06:30:14.010646+00:00,data/shandong_pmos_hourly.xlsx
realtime,2026-02-10,2026-02-10,2026-02-10 19:00:00,19,17_24,376.847,2026-06-27T06:30:14.010646+00:00,data/shandong_pmos_hourly.xlsx
realtime,2026-02-10,2026-02-10,2026-02-10 18:00:00,18,17_24,369.373,2026-06-27T06:30:14.010646+00:00,data/shandong_pmos_hourly.xlsx
realtime,2026-02-10,2026-02-10,2026-02-10 17:00:00,17,17_24,366.053,2026-06-27T06:30:14.010646+00:00,data/shandong_pmos_hourly.xlsx
realtime,2026-02-10,2026-02-10,2026-02-10 16:00:00,16,9_16,337.587,2026-06-27T06:30:14.010646+00:00,data/shandong_pmos_hourly.xlsx
realtime,2026-02-10,2026-02-10,2026-02-10 14:00:00,14,9_16,357.882,2026-06-27T06:30:14.010646+00:00,data/shandong_pmos_hourly.xlsx
realtime,2026-02-10,2026-02-10,2026-02-10 13:00:00,13,9_16,361.628,2026-06-27T06:30:14.010646+00:00,data/shandong_pmos_hourly.xlsx
realtime,2026-02-10,2026-02-10,2026-02-10 01:00:00,1,1_8,310.877,2026-06-27T06:30:14.010646+00:00,data/shandong_pmos_hourly.xlsx
realtime,2026-02-10,2026-02-10,2026-02-10 12:00:00,12,9_16,328.916,2026-06-27T06:30:14.010646+00:00,data/shandong_pmos_hourly.xlsx
realtime,2026-02-10,2026-02-10,2026-02-10 02:00:00,2,1_8,304.586,2026-06-27T06:30:14.010646+00:00,data/shandong_pmos_hourly.xlsx
realtime,2026-02-10,2026-02-10,2026-02-10 03:00:00,3,1_8,310.798,2026-06-27T06:30:14.010646+00:00,data/shandong_pmos_hourly.xlsx
realtime,2026-02-10,2026-02-10,2026-02-10 05:00:00,5,1_8,290.403,2026-06-27T06:30:14.010646+00:00,data/shandong_pmos_hourly.xlsx
realtime,2026-02-10,2026-02-10,2026-02-10 06:00:00,6,1_8,291.345,2026-06-27T06:30:14.010646+00:00,data/shandong_pmos_hourly.xlsx
realtime,2026-02-10,2026-02-10,2026-02-10 04:00:00,4,1_8,295.511,2026-06-27T06:30:14.010646+00:00,data/shandong_pmos_hourly.xlsx
realtime,2026-02-10,2026-02-10,2026-02-10 08:00:00,8,1_8,322.753,2026-06-27T06:30:14.010646+00:00,data/shandong_pmos_hourly.xlsx
realtime,2026-02-10,2026-02-10,2026-02-10 09:00:00,9,9_16,332.343,2026-06-27T06:30:14.010646+00:00,data/shandong_pmos_hourly.xlsx
realtime,2026-02-10,2026-02-10,2026-02-10 10:00:00,10,9_16,338.452,2026-06-27T06:30:14.010646+00:00,data/shandong_pmos_hourly.xlsx
realtime,2026-02-10,2026-02-10,2026-02-10 11:00:00,11,9_16,310.249,2026-06-27T06:30:14.010646+00:00,data/shandong_pmos_hourly.xlsx
realtime,2026-02-10,2026-02-10,2026-02-10 07:00:00,7,1_8,288.443,2026-06-27T06:30:14.010646+00:00,data/shandong_pmos_hourly.xlsx
realtime,2026-02-11,2026-02-11,2026-02-11 18:00:00,18,17_24,361.029,2026-06-27T06:58:05.919156+00:00,data/shandong_pmos_hourly.xlsx
realtime,2026-02-11,2026-02-11,2026-02-11 15:00:00,15,9_16,-80.0,2026-06-27T06:58:05.919156+00:00,data/shandong_pmos_hourly.xlsx
realtime,2026-02-11,2026-02-11,2026-02-11 16:00:00,16,9_16,-80.0,2026-06-27T06:58:05.919156+00:00,data/shandong_pmos_hourly.xlsx
realtime,2026-02-11,2026-02-11,2026-02-11 17:00:00,17,17_24,165.555,2026-06-27T06:58:05.919156+00:00,data/shandong_pmos_hourly.xlsx
realtime,2026-02-11,2026-02-11,2026-02-11 19:00:00,19,17_24,376.86,2026-06-27T06:58:05.919156+00:00,data/shandong_pmos_hourly.xlsx
realtime,2026-02-11,2026-02-11,2026-02-11 14:00:00,14,9_16,-80.0,2026-06-27T06:58:05.919156+00:00,data/shandong_pmos_hourly.xlsx
realtime,2026-02-11,2026-02-11,2026-02-11 21:00:00,21,17_24,376.743,2026-06-27T06:58:05.919156+00:00,data/shandong_pmos_hourly.xlsx
realtime,2026-02-11,2026-02-11,2026-02-11 22:00:00,22,17_24,372.627,2026-06-27T06:58:05.919156+00:00,data/shandong_pmos_hourly.xlsx
realtime,2026-02-11,2026-02-11,2026-02-11 23:00:00,23,17_24,341.731,2026-06-27T06:58:05.919156+00:00,data/shandong_pmos_hourly.xlsx
realtime,2026-02-11,2026-02-11,2026-02-12 00:00:00,24,17_24,236.702,2026-06-27T06:58:05.919156+00:00,data/shandong_pmos_hourly.xlsx
realtime,2026-02-11,2026-02-11,2026-02-11 20:00:00,20,17_24,371.03,2026-06-27T06:58:05.919156+00:00,data/shandong_pmos_hourly.xlsx
realtime,2026-02-11,2026-02-11,2026-02-11 13:00:00,13,9_16,-78.913,2026-06-27T06:58:05.919156+00:00,data/shandong_pmos_hourly.xlsx
realtime,2026-02-11,2026-02-11,2026-02-11 12:00:00,12,9_16,-79.007,2026-06-27T06:58:05.919156+00:00,data/shandong_pmos_hourly.xlsx
realtime,2026-02-11,2026-02-11,2026-02-11 11:00:00,11,9_16,-79.066,2026-06-27T06:58:05.919156+00:00,data/shandong_pmos_hourly.xlsx
realtime,2026-02-11,2026-02-11,2026-02-11 10:00:00,10,9_16,-80.0,2026-06-27T06:58:05.919156+00:00,data/shandong_pmos_hourly.xlsx
realtime,2026-02-11,2026-02-11,2026-02-11 09:00:00,9,9_16,277.376,2026-06-27T06:58:05.919156+00:00,data/shandong_pmos_hourly.xlsx
realtime,2026-02-11,2026-02-11,2026-02-11 08:00:00,8,1_8,437.587,2026-06-27T06:58:05.919156+00:00,data/shandong_pmos_hourly.xlsx
realtime,2026-02-11,2026-02-11,2026-02-11 07:00:00,7,1_8,393.287,2026-06-27T06:58:05.919156+00:00,data/shandong_pmos_hourly.xlsx
realtime,2026-02-11,2026-02-11,2026-02-11 06:00:00,6,1_8,398.553,2026-06-27T06:58:05.919156+00:00,data/shandong_pmos_hourly.xlsx
realtime,2026-02-11,2026-02-11,2026-02-11 05:00:00,5,1_8,411.158,2026-06-27T06:58:05.919156+00:00,data/shandong_pmos_hourly.xlsx
realtime,2026-02-11,2026-02-11,2026-02-11 04:00:00,4,1_8,417.724,2026-06-27T06:58:05.919156+00:00,data/shandong_pmos_hourly.xlsx
realtime,2026-02-11,2026-02-11,2026-02-11 03:00:00,3,1_8,439.527,2026-06-27T06:58:05.919156+00:00,data/shandong_pmos_hourly.xlsx
realtime,2026-02-11,2026-02-11,2026-02-11 02:00:00,2,1_8,412.086,2026-06-27T06:58:05.919156+00:00,data/shandong_pmos_hourly.xlsx
realtime,2026-02-11,2026-02-11,2026-02-11 01:00:00,1,1_8,447.197,2026-06-27T06:58:05.919156+00:00,data/shandong_pmos_hourly.xlsx
realtime,2026-02-12,2026-02-12,2026-02-12 15:00:00,15,9_16,-80.0,2026-06-27T07:23:25.799586+00:00,data/shandong_pmos_hourly.xlsx
realtime,2026-02-12,2026-02-12,2026-02-12 16:00:00,16,9_16,-80.0,2026-06-27T07:23:25.799586+00:00,data/shandong_pmos_hourly.xlsx
realtime,2026-02-12,2026-02-12,2026-02-12 17:00:00,17,17_24,112.584,2026-06-27T07:23:25.799586+00:00,data/shandong_pmos_hourly.xlsx
realtime,2026-02-12,2026-02-12,2026-02-12 18:00:00,18,17_24,345.62,2026-06-27T07:23:25.799586+00:00,data/shandong_pmos_hourly.xlsx
realtime,2026-02-12,2026-02-12,2026-02-12 19:00:00,19,17_24,397.304,2026-06-27T07:23:25.799586+00:00,data/shandong_pmos_hourly.xlsx
realtime,2026-02-12,2026-02-12,2026-02-13 00:00:00,24,17_24,381.955,2026-06-27T07:23:25.799586+00:00,data/shandong_pmos_hourly.xlsx
realtime,2026-02-12,2026-02-12,2026-02-12 21:00:00,21,17_24,367.872,2026-06-27T07:23:25.799586+00:00,data/shandong_pmos_hourly.xlsx
realtime,2026-02-12,2026-02-12,2026-02-12 22:00:00,22,17_24,361.318,2026-06-27T07:23:25.799586+00:00,data/shandong_pmos_hourly.xlsx
realtime,2026-02-12,2026-02-12,2026-02-12 23:00:00,23,17_24,366.665,2026-06-27T07:23:25.799586+00:00,data/shandong_pmos_hourly.xlsx
realtime,2026-02-12,2026-02-12,2026-02-12 14:00:00,14,9_16,-80.0,2026-06-27T07:23:25.799586+00:00,data/shandong_pmos_hourly.xlsx
realtime,2026-02-12,2026-02-12,2026-02-12 20:00:00,20,17_24,369.852,2026-06-27T07:23:25.799586+00:00,data/shandong_pmos_hourly.xlsx
realtime,2026-02-12,2026-02-12,2026-02-12 13:00:00,13,9_16,-80.0,2026-06-27T07:23:25.799586+00:00,data/shandong_pmos_hourly.xlsx
realtime,2026-02-12,2026-02-12,2026-02-12 12:00:00,12,9_16,-80.0,2026-06-27T07:23:25.799586+00:00,data/shandong_pmos_hourly.xlsx
realtime,2026-02-12,2026-02-12,2026-02-12 11:00:00,11,9_16,-80.0,2026-06-27T07:23:25.799586+00:00,data/shandong_pmos_hourly.xlsx
realtime,2026-02-12,2026-02-12,2026-02-12 02:00:00,2,1_8,10.237,2026-06-27T07:23:25.799586+00:00,data/shandong_pmos_hourly.xlsx
realtime,2026-02-12,2026-02-12,2026-02-12 03:00:00,3,1_8,300.427,2026-06-27T07:23:25.799586+00:00,data/shandong_pmos_hourly.xlsx
realtime,2026-02-12,2026-02-12,2026-02-12 04:00:00,4,1_8,-17.135,2026-06-27T07:23:25.799586+00:00,data/shandong_pmos_hourly.xlsx
realtime,2026-02-12,2026-02-12,2026-02-12 05:00:00,5,1_8,241.586,2026-06-27T07:23:25.799586+00:00,data/shandong_pmos_hourly.xlsx
realtime,2026-02-12,2026-02-12,2026-02-12 01:00:00,1,1_8,160.769,2026-06-27T07:23:25.799586+00:00,data/shandong_pmos_hourly.xlsx
realtime,2026-02-12,2026-02-12,2026-02-12 07:00:00,7,1_8,-80.0,2026-06-27T07:23:25.799586+00:00,data/shandong_pmos_hourly.xlsx
realtime,2026-02-12,2026-02-12,2026-02-12 08:00:00,8,1_8,87.933,2026-06-27T07:23:25.799586+00:00,data/shandong_pmos_hourly.xlsx
realtime,2026-02-12,2026-02-12,2026-02-12 09:00:00,9,9_16,-80.0,2026-06-27T07:23:25.799586+00:00,data/shandong_pmos_hourly.xlsx
realtime,2026-02-12,2026-02-12,2026-02-12 10:00:00,10,9_16,-80.0,2026-06-27T07:23:25.799586+00:00,data/shandong_pmos_hourly.xlsx
realtime,2026-02-12,2026-02-12,2026-02-12 06:00:00,6,1_8,9.998,2026-06-27T07:23:25.799586+00:00,data/shandong_pmos_hourly.xlsx
realtime,2026-02-13,2026-02-13,2026-02-13 15:00:00,15,9_16,-80.0,2026-06-27T07:48:53.603935+00:00,data/shandong_pmos_hourly.xlsx
realtime,2026-02-13,2026-02-13,2026-02-14 00:00:00,24,17_24,10.832,2026-06-27T07:48:53.603935+00:00,data/shandong_pmos_hourly.xlsx
realtime,2026-02-13,2026-02-13,2026-02-13 23:00:00,23,17_24,267.26,2026-06-27T07:48:53.603935+00:00,data/shandong_pmos_hourly.xlsx
realtime,2026-02-13,2026-02-13,2026-02-13 22:00:00,22,17_24,290.779,2026-06-27T07:48:53.603935+00:00,data/shandong_pmos_hourly.xlsx
realtime,2026-02-13,2026-02-13,2026-02-13 21:00:00,21,17_24,302.133,2026-06-27T07:48:53.603935+00:00,data/shandong_pmos_hourly.xlsx
realtime,2026-02-13,2026-02-13,2026-02-13 20:00:00,20,17_24,300.753,2026-06-27T07:48:53.603935+00:00,data/shandong_pmos_hourly.xlsx
realtime,2026-02-13,2026-02-13,2026-02-13 19:00:00,19,17_24,312.262,2026-06-27T07:48:53.603935+00:00,data/shandong_pmos_hourly.xlsx
realtime,2026-02-13,2026-02-13,2026-02-13 18:00:00,18,17_24,360.848,2026-06-27T07:48:53.603935+00:00,data/shandong_pmos_hourly.xlsx
realtime,2026-02-13,2026-02-13,2026-02-13 17:00:00,17,17_24,259.29,2026-06-27T07:48:53.603935+00:00,data/shandong_pmos_hourly.xlsx
realtime,2026-02-13,2026-02-13,2026-02-13 16:00:00,16,9_16,-80.0,2026-06-27T07:48:53.603935+00:00,data/shandong_pmos_hourly.xlsx
realtime,2026-02-13,2026-02-13,2026-02-13 14:00:00,14,9_16,-80.0,2026-06-27T07:48:53.603935+00:00,data/shandong_pmos_hourly.xlsx
realtime,2026-02-13,2026-02-13,2026-02-13 13:00:00,13,9_16,-80.0,2026-06-27T07:48:53.603935+00:00,data/shandong_pmos_hourly.xlsx
realtime,2026-02-13,2026-02-13,2026-02-13 12:00:00,12,9_16,-80.0,2026-06-27T07:48:53.603935+00:00,data/shandong_pmos_hourly.xlsx
realtime,2026-02-13,2026-02-13,2026-02-13 02:00:00,2,1_8,366.429,2026-06-27T07:48:53.603935+00:00,data/shandong_pmos_hourly.xlsx
realtime,2026-02-13,2026-02-13,2026-02-13 03:00:00,3,1_8,393.586,2026-06-27T07:48:53.603935+00:00,data/shandong_pmos_hourly.xlsx
realtime,2026-02-13,2026-02-13,2026-02-13 04:00:00,4,1_8,382.468,2026-06-27T07:48:53.603935+00:00,data/shandong_pmos_hourly.xlsx
realtime,2026-02-13,2026-02-13,2026-02-13 05:00:00,5,1_8,385.01,2026-06-27T07:48:53.603935+00:00,data/shandong_pmos_hourly.xlsx
realtime,2026-02-13,2026-02-13,2026-02-13 06:00:00,6,1_8,396.033,2026-06-27T07:48:53.603935+00:00,data/shandong_pmos_hourly.xlsx
realtime,2026-02-13,2026-02-13,2026-02-13 01:00:00,1,1_8,371.765,2026-06-27T07:48:53.603935+00:00,data/shandong_pmos_hourly.xlsx
realtime,2026-02-13,2026-02-13,2026-02-13 08:00:00,8,1_8,436.582,2026-06-27T07:48:53.603935+00:00,data/shandong_pmos_hourly.xlsx
realtime,2026-02-13,2026-02-13,2026-02-13 09:00:00,9,9_16,153.241,2026-06-27T07:48:53.603935+00:00,data/shandong_pmos_hourly.xlsx
realtime,2026-02-13,2026-02-13,2026-02-13 10:00:00,10,9_16,-80.0,2026-06-27T07:48:53.603935+00:00,data/shandong_pmos_hourly.xlsx
realtime,2026-02-13,2026-02-13,2026-02-13 11:00:00,11,9_16,-80.0,2026-06-27T07:48:53.603935+00:00,data/shandong_pmos_hourly.xlsx
realtime,2026-02-13,2026-02-13,2026-02-13 07:00:00,7,1_8,377.515,2026-06-27T07:48:53.603935+00:00,data/shandong_pmos_hourly.xlsx
realtime,2026-02-14,2026-02-14,2026-02-14 15:00:00,15,9_16,-80.0,2026-06-27T08:12:50.500173+00:00,data/shandong_pmos_hourly.xlsx
realtime,2026-02-14,2026-02-14,2026-02-14 16:00:00,16,9_16,-80.0,2026-06-27T08:12:50.500173+00:00,data/shandong_pmos_hourly.xlsx
realtime,2026-02-14,2026-02-14,2026-02-14 17:00:00,17,17_24,115.385,2026-06-27T08:12:50.500173+00:00,data/shandong_pmos_hourly.xlsx
realtime,2026-02-14,2026-02-14,2026-02-14 18:00:00,18,17_24,266.24,2026-06-27T08:12:50.500173+00:00,data/shandong_pmos_hourly.xlsx
realtime,2026-02-14,2026-02-14,2026-02-14 19:00:00,19,17_24,285.728,2026-06-27T08:12:50.500173+00:00,data/shandong_pmos_hourly.xlsx
realtime,2026-02-14,2026-02-14,2026-02-14 21:00:00,21,17_24,255.6,2026-06-27T08:12:50.500173+00:00,data/shandong_pmos_hourly.xlsx
realtime,2026-02-14,2026-02-14,2026-02-14 22:00:00,22,17_24,292.287,2026-06-27T08:12:50.500173+00:00,data/shandong_pmos_hourly.xlsx
realtime,2026-02-14,2026-02-14,2026-02-14 23:00:00,23,17_24,319.402,2026-06-27T08:12:50.500173+00:00,data/shandong_pmos_hourly.xlsx
realtime,2026-02-14,2026-02-14,2026-02-15 00:00:00,24,17_24,327.72,2026-06-27T08:12:50.500173+00:00,data/shandong_pmos_hourly.xlsx
realtime,2026-02-14,2026-02-14,2026-02-14 14:00:00,14,9_16,-80.0,2026-06-27T08:12:50.500173+00:00,data/shandong_pmos_hourly.xlsx
realtime,2026-02-14,2026-02-14,2026-02-14 20:00:00,20,17_24,270.439,2026-06-27T08:12:50.500173+00:00,data/shandong_pmos_hourly.xlsx
realtime,2026-02-14,2026-02-14,2026-02-14 13:00:00,13,9_16,-80.0,2026-06-27T08:12:50.500173+00:00,data/shandong_pmos_hourly.xlsx
realtime,2026-02-14,2026-02-14,2026-02-14 12:00:00,12,9_16,-80.0,2026-06-27T08:12:50.500173+00:00,data/shandong_pmos_hourly.xlsx
realtime,2026-02-14,2026-02-14,2026-02-14 11:00:00,11,9_16,-80.0,2026-06-27T08:12:50.500173+00:00,data/shandong_pmos_hourly.xlsx
realtime,2026-02-14,2026-02-14,2026-02-14 10:00:00,10,9_16,-80.0,2026-06-27T08:12:50.500173+00:00,data/shandong_pmos_hourly.xlsx
realtime,2026-02-14,2026-02-14,2026-02-14 09:00:00,9,9_16,-80.0,2026-06-27T08:12:50.500173+00:00,data/shandong_pmos_hourly.xlsx
realtime,2026-02-14,2026-02-14,2026-02-14 08:00:00,8,1_8,-41.127,2026-06-27T08:12:50.500173+00:00,data/shandong_pmos_hourly.xlsx
realtime,2026-02-14,2026-02-14,2026-02-14 07:00:00,7,1_8,-80.0,2026-06-27T08:12:50.500173+00:00,data/shandong_pmos_hourly.xlsx
realtime,2026-02-14,2026-02-14,2026-02-14 06:00:00,6,1_8,-76.35,2026-06-27T08:12:50.500173+00:00,data/shandong_pmos_hourly.xlsx
realtime,2026-02-14,2026-02-14,2026-02-14 05:00:00,5,1_8,-80.0,2026-06-27T08:12:50.500173+00:00,data/shandong_pmos_hourly.xlsx
realtime,2026-02-14,2026-02-14,2026-02-14 04:00:00,4,1_8,-80.0,2026-06-27T08:12:50.500173+00:00,data/shandong_pmos_hourly.xlsx
realtime,2026-02-14,2026-02-14,2026-02-14 03:00:00,3,1_8,79.345,2026-06-27T08:12:50.500173+00:00,data/shandong_pmos_hourly.xlsx
realtime,2026-02-14,2026-02-14,2026-02-14 02:00:00,2,1_8,-80.0,2026-06-27T08:12:50.500173+00:00,data/shandong_pmos_hourly.xlsx
realtime,2026-02-14,2026-02-14,2026-02-14 01:00:00,1,1_8,-59.673,2026-06-27T08:12:50.500173+00:00,data/shandong_pmos_hourly.xlsx
realtime,2026-02-15,2026-02-15,2026-02-15 15:00:00,15,9_16,-80.0,2026-06-27T08:36:13.143410+00:00,data/shandong_pmos_hourly.xlsx
realtime,2026-02-15,2026-02-15,2026-02-15 16:00:00,16,9_16,-80.0,2026-06-27T08:36:13.143410+00:00,data/shandong_pmos_hourly.xlsx
realtime,2026-02-15,2026-02-15,2026-02-15 17:00:00,17,17_24,250.949,2026-06-27T08:36:13.143410+00:00,data/shandong_pmos_hourly.xlsx
realtime,2026-02-15,2026-02-15,2026-02-15 18:00:00,18,17_24,393.649,2026-06-27T08:36:13.143410+00:00,data/shandong_pmos_hourly.xlsx
realtime,2026-02-15,2026-02-15,2026-02-15 19:00:00,19,17_24,387.693,2026-06-27T08:36:13.143410+00:00,data/shandong_pmos_hourly.xlsx
realtime,2026-02-15,2026-02-15,2026-02-16 00:00:00,24,17_24,412.251,2026-06-27T08:36:13.143410+00:00,data/shandong_pmos_hourly.xlsx
realtime,2026-02-15,2026-02-15,2026-02-15 21:00:00,21,17_24,389.241,2026-06-27T08:36:13.143410+00:00,data/shandong_pmos_hourly.xlsx
realtime,2026-02-15,2026-02-15,2026-02-15 22:00:00,22,17_24,405.109,2026-06-27T08:36:13.143410+00:00,data/shandong_pmos_hourly.xlsx
realtime,2026-02-15,2026-02-15,2026-02-15 23:00:00,23,17_24,410.802,2026-06-27T08:36:13.143410+00:00,data/shandong_pmos_hourly.xlsx
realtime,2026-02-15,2026-02-15,2026-02-15 14:00:00,14,9_16,-80.0,2026-06-27T08:36:13.143410+00:00,data/shandong_pmos_hourly.xlsx
realtime,2026-02-15,2026-02-15,2026-02-15 20:00:00,20,17_24,384.488,2026-06-27T08:36:13.143410+00:00,data/shandong_pmos_hourly.xlsx
realtime,2026-02-15,2026-02-15,2026-02-15 12:00:00,12,9_16,-80.0,2026-06-27T08:36:13.143410+00:00,data/shandong_pmos_hourly.xlsx
realtime,2026-02-15,2026-02-15,2026-02-15 09:00:00,9,9_16,-80.0,2026-06-27T08:36:13.143410+00:00,data/shandong_pmos_hourly.xlsx
realtime,2026-02-15,2026-02-15,2026-02-15 11:00:00,11,9_16,-80.0,2026-06-27T08:36:13.143410+00:00,data/shandong_pmos_hourly.xlsx
realtime,2026-02-15,2026-02-15,2026-02-15 10:00:00,10,9_16,-80.0,2026-06-27T08:36:13.143410+00:00,data/shandong_pmos_hourly.xlsx
realtime,2026-02-15,2026-02-15,2026-02-15 08:00:00,8,1_8,-80.0,2026-06-27T08:36:13.143410+00:00,data/shandong_pmos_hourly.xlsx
realtime,2026-02-15,2026-02-15,2026-02-15 07:00:00,7,1_8,-80.0,2026-06-27T08:36:13.143410+00:00,data/shandong_pmos_hourly.xlsx
realtime,2026-02-15,2026-02-15,2026-02-15 06:00:00,6,1_8,-80.0,2026-06-27T08:36:13.143410+00:00,data/shandong_pmos_hourly.xlsx
realtime,2026-02-15,2026-02-15,2026-02-15 05:00:00,5,1_8,-80.0,2026-06-27T08:36:13.143410+00:00,data/shandong_pmos_hourly.xlsx
realtime,2026-02-15,2026-02-15,2026-02-15 04:00:00,4,1_8,-80.0,2026-06-27T08:36:13.143410+00:00,data/shandong_pmos_hourly.xlsx
realtime,2026-02-15,2026-02-15,2026-02-15 03:00:00,3,1_8,47.284,2026-06-27T08:36:13.143410+00:00,data/shandong_pmos_hourly.xlsx
realtime,2026-02-15,2026-02-15,2026-02-15 02:00:00,2,1_8,56.53,2026-06-27T08:36:13.143410+00:00,data/shandong_pmos_hourly.xlsx
realtime,2026-02-15,2026-02-15,2026-02-15 01:00:00,1,1_8,332.594,2026-06-27T08:36:13.143410+00:00,data/shandong_pmos_hourly.xlsx
realtime,2026-02-15,2026-02-15,2026-02-15 13:00:00,13,9_16,-80.0,2026-06-27T08:36:13.143410+00:00,data/shandong_pmos_hourly.xlsx
realtime,2026-02-16,2026-02-16,2026-02-16 15:00:00,15,9_16,-80.0,2026-06-27T09:01:19.617700+00:00,data/shandong_pmos_hourly.xlsx
realtime,2026-02-16,2026-02-16,2026-02-16 16:00:00,16,9_16,-80.0,2026-06-27T09:01:19.617700+00:00,data/shandong_pmos_hourly.xlsx
realtime,2026-02-16,2026-02-16,2026-02-16 17:00:00,17,17_24,228.093,2026-06-27T09:01:19.617700+00:00,data/shandong_pmos_hourly.xlsx
realtime,2026-02-16,2026-02-16,2026-02-16 18:00:00,18,17_24,371.543,2026-06-27T09:01:19.617700+00:00,data/shandong_pmos_hourly.xlsx
realtime,2026-02-16,2026-02-16,2026-02-16 23:00:00,23,17_24,386.945,2026-06-27T09:01:19.617700+00:00,data/shandong_pmos_hourly.xlsx
realtime,2026-02-16,2026-02-16,2026-02-16 20:00:00,20,17_24,396.013,2026-06-27T09:01:19.617700+00:00,data/shandong_pmos_hourly.xlsx
realtime,2026-02-16,2026-02-16,2026-02-16 21:00:00,21,17_24,393.278,2026-06-27T09:01:19.617700+00:00,data/shandong_pmos_hourly.xlsx
realtime,2026-02-16,2026-02-16,2026-02-16 22:00:00,22,17_24,390.575,2026-06-27T09:01:19.617700+00:00,data/shandong_pmos_hourly.xlsx
realtime,2026-02-16,2026-02-16,2026-02-16 14:00:00,14,9_16,-80.0,2026-06-27T09:01:19.617700+00:00,data/shandong_pmos_hourly.xlsx
realtime,2026-02-16,2026-02-16,2026-02-17 00:00:00,24,17_24,394.282,2026-06-27T09:01:19.617700+00:00,data/shandong_pmos_hourly.xlsx
realtime,2026-02-16,2026-02-16,2026-02-16 19:00:00,19,17_24,392.776,2026-06-27T09:01:19.617700+00:00,data/shandong_pmos_hourly.xlsx
realtime,2026-02-16,2026-02-16,2026-02-16 13:00:00,13,9_16,-80.0,2026-06-27T09:01:19.617700+00:00,data/shandong_pmos_hourly.xlsx
realtime,2026-02-16,2026-02-16,2026-02-16 09:00:00,9,9_16,-80.0,2026-06-27T09:01:19.617700+00:00,data/shandong_pmos_hourly.xlsx
realtime,2026-02-16,2026-02-16,2026-02-16 11:00:00,11,9_16,-80.0,2026-06-27T09:01:19.617700+00:00,data/shandong_pmos_hourly.xlsx
realtime,2026-02-16,2026-02-16,2026-02-16 10:00:00,10,9_16,-80.0,2026-06-27T09:01:19.617700+00:00,data/shandong_pmos_hourly.xlsx
realtime,2026-02-16,2026-02-16,2026-02-16 08:00:00,8,1_8,346.041,2026-06-27T09:01:19.617700+00:00,data/shandong_pmos_hourly.xlsx
realtime,2026-02-16,2026-02-16,2026-02-16 07:00:00,7,1_8,332.077,2026-06-27T09:01:19.617700+00:00,data/shandong_pmos_hourly.xlsx
realtime,2026-02-16,2026-02-16,2026-02-16 06:00:00,6,1_8,266.954,2026-06-27T09:01:19.617700+00:00,data/shandong_pmos_hourly.xlsx
realtime,2026-02-16,2026-02-16,2026-02-16 05:00:00,5,1_8,245.005,2026-06-27T09:01:19.617700+00:00,data/shandong_pmos_hourly.xlsx
realtime,2026-02-16,2026-02-16,2026-02-16 04:00:00,4,1_8,299.918,2026-06-27T09:01:19.617700+00:00,data/shandong_pmos_hourly.xlsx
realtime,2026-02-16,2026-02-16,2026-02-16 03:00:00,3,1_8,324.841,2026-06-27T09:01:19.617700+00:00,data/shandong_pmos_hourly.xlsx
realtime,2026-02-16,2026-02-16,2026-02-16 02:00:00,2,1_8,339.032,2026-06-27T09:01:19.617700+00:00,data/shandong_pmos_hourly.xlsx
realtime,2026-02-16,2026-02-16,2026-02-16 01:00:00,1,1_8,362.31,2026-06-27T09:01:19.617700+00:00,data/shandong_pmos_hourly.xlsx
realtime,2026-02-16,2026-02-16,2026-02-16 12:00:00,12,9_16,-80.0,2026-06-27T09:01:19.617700+00:00,data/shandong_pmos_hourly.xlsx
realtime,2026-02-17,2026-02-17,2026-02-17 18:00:00,18,17_24,326.001,2026-06-27T09:25:28.120054+00:00,data/shandong_pmos_hourly.xlsx
realtime,2026-02-17,2026-02-17,2026-02-17 15:00:00,15,9_16,-80.0,2026-06-27T09:25:28.120054+00:00,data/shandong_pmos_hourly.xlsx
realtime,2026-02-17,2026-02-17,2026-02-17 16:00:00,16,9_16,-80.0,2026-06-27T09:25:28.120054+00:00,data/shandong_pmos_hourly.xlsx
realtime,2026-02-17,2026-02-17,2026-02-17 17:00:00,17,17_24,-80.0,2026-06-27T09:25:28.120054+00:00,data/shandong_pmos_hourly.xlsx
realtime,2026-02-17,2026-02-17,2026-02-17 19:00:00,19,17_24,288.594,2026-06-27T09:25:28.120054+00:00,data/shandong_pmos_hourly.xlsx
realtime,2026-02-17,2026-02-17,2026-02-17 14:00:00,14,9_16,-80.0,2026-06-27T09:25:28.120054+00:00,data/shandong_pmos_hourly.xlsx
realtime,2026-02-17,2026-02-17,2026-02-17 21:00:00,21,17_24,101.566,2026-06-27T09:25:28.120054+00:00,data/shandong_pmos_hourly.xlsx
realtime,2026-02-17,2026-02-17,2026-02-17 22:00:00,22,17_24,105.971,2026-06-27T09:25:28.120054+00:00,data/shandong_pmos_hourly.xlsx
realtime,2026-02-17,2026-02-17,2026-02-17 23:00:00,23,17_24,50.102,2026-06-27T09:25:28.120054+00:00,data/shandong_pmos_hourly.xlsx
realtime,2026-02-17,2026-02-17,2026-02-18 00:00:00,24,17_24,124.906,2026-06-27T09:25:28.120054+00:00,data/shandong_pmos_hourly.xlsx
realtime,2026-02-17,2026-02-17,2026-02-17 20:00:00,20,17_24,53.633,2026-06-27T09:25:28.120054+00:00,data/shandong_pmos_hourly.xlsx
realtime,2026-02-17,2026-02-17,2026-02-17 13:00:00,13,9_16,-80.0,2026-06-27T09:25:28.120054+00:00,data/shandong_pmos_hourly.xlsx
realtime,2026-02-17,2026-02-17,2026-02-17 07:00:00,7,1_8,469.472,2026-06-27T09:25:28.120054+00:00,data/shandong_pmos_hourly.xlsx
realtime,2026-02-17,2026-02-17,2026-02-17 11:00:00,11,9_16,-80.0,2026-06-27T09:25:28.120054+00:00,data/shandong_pmos_hourly.xlsx
realtime,2026-02-17,2026-02-17,2026-02-17 10:00:00,10,9_16,-80.0,2026-06-27T09:25:28.120054+00:00,data/shandong_pmos_hourly.xlsx
realtime,2026-02-17,2026-02-17,2026-02-17 09:00:00,9,9_16,-80.0,2026-06-27T09:25:28.120054+00:00,data/shandong_pmos_hourly.xlsx
realtime,2026-02-17,2026-02-17,2026-02-17 08:00:00,8,1_8,328.042,2026-06-27T09:25:28.120054+00:00,data/shandong_pmos_hourly.xlsx
realtime,2026-02-17,2026-02-17,2026-02-17 12:00:00,12,9_16,-80.0,2026-06-27T09:25:28.120054+00:00,data/shandong_pmos_hourly.xlsx
realtime,2026-02-17,2026-02-17,2026-02-17 06:00:00,6,1_8,455.405,2026-06-27T09:25:28.120054+00:00,data/shandong_pmos_hourly.xlsx
realtime,2026-02-17,2026-02-17,2026-02-17 05:00:00,5,1_8,432.099,2026-06-27T09:25:28.120054+00:00,data/shandong_pmos_hourly.xlsx
realtime,2026-02-17,2026-02-17,2026-02-17 04:00:00,4,1_8,429.277,2026-06-27T09:25:28.120054+00:00,data/shandong_pmos_hourly.xlsx
realtime,2026-02-17,2026-02-17,2026-02-17 03:00:00,3,1_8,444.344,2026-06-27T09:25:28.120054+00:00,data/shandong_pmos_hourly.xlsx
realtime,2026-02-17,2026-02-17,2026-02-17 02:00:00,2,1_8,459.644,2026-06-27T09:25:28.120054+00:00,data/shandong_pmos_hourly.xlsx
realtime,2026-02-17,2026-02-17,2026-02-17 01:00:00,1,1_8,497.831,2026-06-27T09:25:28.120054+00:00,data/shandong_pmos_hourly.xlsx
realtime,2026-02-18,2026-02-18,2026-02-18 15:00:00,15,9_16,-80.0,2026-06-27T09:52:58.253900+00:00,data/shandong_pmos_hourly.xlsx
realtime,2026-02-18,2026-02-18,2026-02-18 16:00:00,16,9_16,-80.0,2026-06-27T09:52:58.253900+00:00,data/shandong_pmos_hourly.xlsx
realtime,2026-02-18,2026-02-18,2026-02-18 17:00:00,17,17_24,36.58,2026-06-27T09:52:58.253900+00:00,data/shandong_pmos_hourly.xlsx
realtime,2026-02-18,2026-02-18,2026-02-18 18:00:00,18,17_24,473.25,2026-06-27T09:52:58.253900+00:00,data/shandong_pmos_hourly.xlsx
realtime,2026-02-18,2026-02-18,2026-02-18 19:00:00,19,17_24,492.758,2026-06-27T09:52:58.253900+00:00,data/shandong_pmos_hourly.xlsx
realtime,2026-02-18,2026-02-18,2026-02-19 00:00:00,24,17_24,452.577,2026-06-27T09:52:58.253900+00:00,data/shandong_pmos_hourly.xlsx
realtime,2026-02-18,2026-02-18,2026-02-18 21:00:00,21,17_24,490.249,2026-06-27T09:52:58.253900+00:00,data/shandong_pmos_hourly.xlsx
realtime,2026-02-18,2026-02-18,2026-02-18 22:00:00,22,17_24,489.547,2026-06-27T09:52:58.253900+00:00,data/shandong_pmos_hourly.xlsx
realtime,2026-02-18,2026-02-18,2026-02-18 23:00:00,23,17_24,494.807,2026-06-27T09:52:58.253900+00:00,data/shandong_pmos_hourly.xlsx
realtime,2026-02-18,2026-02-18,2026-02-18 14:00:00,14,9_16,-80.0,2026-06-27T09:52:58.253900+00:00,data/shandong_pmos_hourly.xlsx
realtime,2026-02-18,2026-02-18,2026-02-18 20:00:00,20,17_24,487.755,2026-06-27T09:52:58.253900+00:00,data/shandong_pmos_hourly.xlsx
realtime,2026-02-18,2026-02-18,2026-02-18 13:00:00,13,9_16,-80.0,2026-06-27T09:52:58.253900+00:00,data/shandong_pmos_hourly.xlsx
realtime,2026-02-18,2026-02-18,2026-02-18 12:00:00,12,9_16,-80.0,2026-06-27T09:52:58.253900+00:00,data/shandong_pmos_hourly.xlsx
realtime,2026-02-18,2026-02-18,2026-02-18 11:00:00,11,9_16,-80.0,2026-06-27T09:52:58.253900+00:00,data/shandong_pmos_hourly.xlsx
realtime,2026-02-18,2026-02-18,2026-02-18 02:00:00,2,1_8,-80.0,2026-06-27T09:52:58.253900+00:00,data/shandong_pmos_hourly.xlsx
realtime,2026-02-18,2026-02-18,2026-02-18 03:00:00,3,1_8,-80.0,2026-06-27T09:52:58.253900+00:00,data/shandong_pmos_hourly.xlsx
realtime,2026-02-18,2026-02-18,2026-02-18 04:00:00,4,1_8,-80.0,2026-06-27T09:52:58.253900+00:00,data/shandong_pmos_hourly.xlsx
realtime,2026-02-18,2026-02-18,2026-02-18 05:00:00,5,1_8,-80.0,2026-06-27T09:52:58.253900+00:00,data/shandong_pmos_hourly.xlsx
realtime,2026-02-18,2026-02-18,2026-02-18 01:00:00,1,1_8,-80.0,2026-06-27T09:52:58.253900+00:00,data/shandong_pmos_hourly.xlsx
realtime,2026-02-18,2026-02-18,2026-02-18 07:00:00,7,1_8,238.715,2026-06-27T09:52:58.253900+00:00,data/shandong_pmos_hourly.xlsx
realtime,2026-02-18,2026-02-18,2026-02-18 08:00:00,8,1_8,277.946,2026-06-27T09:52:58.253900+00:00,data/shandong_pmos_hourly.xlsx
realtime,2026-02-18,2026-02-18,2026-02-18 09:00:00,9,9_16,-80.0,2026-06-27T09:52:58.253900+00:00,data/shandong_pmos_hourly.xlsx
realtime,2026-02-18,2026-02-18,2026-02-18 10:00:00,10,9_16,-80.0,2026-06-27T09:52:58.253900+00:00,data/shandong_pmos_hourly.xlsx
realtime,2026-02-18,2026-02-18,2026-02-18 06:00:00,6,1_8,-59.917,2026-06-27T09:52:58.253900+00:00,data/shandong_pmos_hourly.xlsx
realtime,2026-02-19,2026-02-19,2026-02-19 15:00:00,15,9_16,-80.0,2026-06-27T10:17:46.030054+00:00,data/shandong_pmos_hourly.xlsx
realtime,2026-02-19,2026-02-19,2026-02-20 00:00:00,24,17_24,339.418,2026-06-27T10:17:46.030054+00:00,data/shandong_pmos_hourly.xlsx
realtime,2026-02-19,2026-02-19,2026-02-19 23:00:00,23,17_24,437.879,2026-06-27T10:17:46.030054+00:00,data/shandong_pmos_hourly.xlsx
realtime,2026-02-19,2026-02-19,2026-02-19 22:00:00,22,17_24,461.532,2026-06-27T10:17:46.030054+00:00,data/shandong_pmos_hourly.xlsx
realtime,2026-02-19,2026-02-19,2026-02-19 21:00:00,21,17_24,472.773,2026-06-27T10:17:46.030054+00:00,data/shandong_pmos_hourly.xlsx
realtime,2026-02-19,2026-02-19,2026-02-19 20:00:00,20,17_24,490.774,2026-06-27T10:17:46.030054+00:00,data/shandong_pmos_hourly.xlsx
realtime,2026-02-19,2026-02-19,2026-02-19 19:00:00,19,17_24,506.776,2026-06-27T10:17:46.030054+00:00,data/shandong_pmos_hourly.xlsx
realtime,2026-02-19,2026-02-19,2026-02-19 18:00:00,18,17_24,610.695,2026-06-27T10:17:46.030054+00:00,data/shandong_pmos_hourly.xlsx
realtime,2026-02-19,2026-02-19,2026-02-19 17:00:00,17,17_24,41.613,2026-06-27T10:17:46.030054+00:00,data/shandong_pmos_hourly.xlsx
realtime,2026-02-19,2026-02-19,2026-02-19 16:00:00,16,9_16,-80.0,2026-06-27T10:17:46.030054+00:00,data/shandong_pmos_hourly.xlsx
realtime,2026-02-19,2026-02-19,2026-02-19 14:00:00,14,9_16,-80.0,2026-06-27T10:17:46.030054+00:00,data/shandong_pmos_hourly.xlsx
realtime,2026-02-19,2026-02-19,2026-02-19 13:00:00,13,9_16,-80.0,2026-06-27T10:17:46.030054+00:00,data/shandong_pmos_hourly.xlsx
realtime,2026-02-19,2026-02-19,2026-02-19 01:00:00,1,1_8,433.468,2026-06-27T10:17:46.030054+00:00,data/shandong_pmos_hourly.xlsx
realtime,2026-02-19,2026-02-19,2026-02-19 02:00:00,2,1_8,248.633,2026-06-27T10:17:46.030054+00:00,data/shandong_pmos_hourly.xlsx
realtime,2026-02-19,2026-02-19,2026-02-19 03:00:00,3,1_8,-0.551,2026-06-27T10:17:46.030054+00:00,data/shandong_pmos_hourly.xlsx
realtime,2026-02-19,2026-02-19,2026-02-19 04:00:00,4,1_8,-80.0,2026-06-27T10:17:46.030054+00:00,data/shandong_pmos_hourly.xlsx
realtime,2026-02-19,2026-02-19,2026-02-19 05:00:00,5,1_8,-80.0,2026-06-27T10:17:46.030054+00:00,data/shandong_pmos_hourly.xlsx
realtime,2026-02-19,2026-02-19,2026-02-19 06:00:00,6,1_8,-80.0,2026-06-27T10:17:46.030054+00:00,data/shandong_pmos_hourly.xlsx
realtime,2026-02-19,2026-02-19,2026-02-19 12:00:00,12,9_16,-80.0,2026-06-27T10:17:46.030054+00:00,data/shandong_pmos_hourly.xlsx
realtime,2026-02-19,2026-02-19,2026-02-19 08:00:00,8,1_8,-59.775,2026-06-27T10:17:46.030054+00:00,data/shandong_pmos_hourly.xlsx
realtime,2026-02-19,2026-02-19,2026-02-19 09:00:00,9,9_16,-80.0,2026-06-27T10:17:46.030054+00:00,data/shandong_pmos_hourly.xlsx
realtime,2026-02-19,2026-02-19,2026-02-19 10:00:00,10,9_16,-80.0,2026-06-27T10:17:46.030054+00:00,data/shandong_pmos_hourly.xlsx
realtime,2026-02-19,2026-02-19,2026-02-19 11:00:00,11,9_16,-80.0,2026-06-27T10:17:46.030054+00:00,data/shandong_pmos_hourly.xlsx
realtime,2026-02-19,2026-02-19,2026-02-19 07:00:00,7,1_8,-80.0,2026-06-27T10:17:46.030054+00:00,data/shandong_pmos_hourly.xlsx
realtime,2026-02-20,2026-02-20,2026-02-20 15:00:00,15,9_16,-80.0,2026-06-27T10:44:49.177768+00:00,data/shandong_pmos_hourly.xlsx
realtime,2026-02-20,2026-02-20,2026-02-20 16:00:00,16,9_16,-80.0,2026-06-27T10:44:49.177768+00:00,data/shandong_pmos_hourly.xlsx
realtime,2026-02-20,2026-02-20,2026-02-20 17:00:00,17,17_24,-80.0,2026-06-27T10:44:49.177768+00:00,data/shandong_pmos_hourly.xlsx
realtime,2026-02-20,2026-02-20,2026-02-20 18:00:00,18,17_24,266.075,2026-06-27T10:44:49.177768+00:00,data/shandong_pmos_hourly.xlsx
realtime,2026-02-20,2026-02-20,2026-02-20 19:00:00,19,17_24,75.544,2026-06-27T10:44:49.177768+00:00,data/shandong_pmos_hourly.xlsx
realtime,2026-02-20,2026-02-20,2026-02-20 21:00:00,21,17_24,-60.153,2026-06-27T10:44:49.177768+00:00,data/shandong_pmos_hourly.xlsx
realtime,2026-02-20,2026-02-20,2026-02-20 22:00:00,22,17_24,285.572,2026-06-27T10:44:49.177768+00:00,data/shandong_pmos_hourly.xlsx
realtime,2026-02-20,2026-02-20,2026-02-20 23:00:00,23,17_24,-80.0,2026-06-27T10:44:49.177768+00:00,data/shandong_pmos_hourly.xlsx
realtime,2026-02-20,2026-02-20,2026-02-21 00:00:00,24,17_24,-80.0,2026-06-27T10:44:49.177768+00:00,data/shandong_pmos_hourly.xlsx
realtime,2026-02-20,2026-02-20,2026-02-20 14:00:00,14,9_16,-80.0,2026-06-27T10:44:49.177768+00:00,data/shandong_pmos_hourly.xlsx
realtime,2026-02-20,2026-02-20,2026-02-20 20:00:00,20,17_24,134.402,2026-06-27T10:44:49.177768+00:00,data/shandong_pmos_hourly.xlsx
realtime,2026-02-20,2026-02-20,2026-02-20 12:00:00,12,9_16,-80.0,2026-06-27T10:44:49.177768+00:00,data/shandong_pmos_hourly.xlsx
realtime,2026-02-20,2026-02-20,2026-02-20 09:00:00,9,9_16,-80.0,2026-06-27T10:44:49.177768+00:00,data/shandong_pmos_hourly.xlsx
realtime,2026-02-20,2026-02-20,2026-02-20 11:00:00,11,9_16,-80.0,2026-06-27T10:44:49.177768+00:00,data/shandong_pmos_hourly.xlsx
realtime,2026-02-20,2026-02-20,2026-02-20 10:00:00,10,9_16,-80.0,2026-06-27T10:44:49.177768+00:00,data/shandong_pmos_hourly.xlsx
realtime,2026-02-20,2026-02-20,2026-02-20 08:00:00,8,1_8,83.784,2026-06-27T10:44:49.177768+00:00,data/shandong_pmos_hourly.xlsx
realtime,2026-02-20,2026-02-20,2026-02-20 07:00:00,7,1_8,285.795,2026-06-27T10:44:49.177768+00:00,data/shandong_pmos_hourly.xlsx
realtime,2026-02-20,2026-02-20,2026-02-20 06:00:00,6,1_8,102.486,2026-06-27T10:44:49.177768+00:00,data/shandong_pmos_hourly.xlsx
realtime,2026-02-20,2026-02-20,2026-02-20 05:00:00,5,1_8,-80.0,2026-06-27T10:44:49.177768+00:00,data/shandong_pmos_hourly.xlsx
realtime,2026-02-20,2026-02-20,2026-02-20 04:00:00,4,1_8,-59.852,2026-06-27T10:44:49.177768+00:00,data/shandong_pmos_hourly.xlsx
realtime,2026-02-20,2026-02-20,2026-02-20 03:00:00,3,1_8,262.867,2026-06-27T10:44:49.177768+00:00,data/shandong_pmos_hourly.xlsx
realtime,2026-02-20,2026-02-20,2026-02-20 02:00:00,2,1_8,-26.929,2026-06-27T10:44:49.177768+00:00,data/shandong_pmos_hourly.xlsx
realtime,2026-02-20,2026-02-20,2026-02-20 01:00:00,1,1_8,132.768,2026-06-27T10:44:49.177768+00:00,data/shandong_pmos_hourly.xlsx
realtime,2026-02-20,2026-02-20,2026-02-20 13:00:00,13,9_16,-80.0,2026-06-27T10:44:49.177768+00:00,data/shandong_pmos_hourly.xlsx
realtime,2026-02-21,2026-02-21,2026-02-22 00:00:00,24,17_24,-59.639,2026-06-27T11:11:45.279494+00:00,data/shandong_pmos_hourly.xlsx
realtime,2026-02-21,2026-02-21,2026-02-21 15:00:00,15,9_16,-80.0,2026-06-27T11:11:45.279494+00:00,data/shandong_pmos_hourly.xlsx
realtime,2026-02-21,2026-02-21,2026-02-21 16:00:00,16,9_16,-80.0,2026-06-27T11:11:45.279494+00:00,data/shandong_pmos_hourly.xlsx
realtime,2026-02-21,2026-02-21,2026-02-21 17:00:00,17,17_24,-80.0,2026-06-27T11:11:45.279494+00:00,data/shandong_pmos_hourly.xlsx
realtime,2026-02-21,2026-02-21,2026-02-21 18:00:00,18,17_24,163.289,2026-06-27T11:11:45.279494+00:00,data/shandong_pmos_hourly.xlsx
realtime,2026-02-21,2026-02-21,2026-02-21 14:00:00,14,9_16,-80.0,2026-06-27T11:11:45.279494+00:00,data/shandong_pmos_hourly.xlsx
realtime,2026-02-21,2026-02-21,2026-02-21 20:00:00,20,17_24,186.815,2026-06-27T11:11:45.279494+00:00,data/shandong_pmos_hourly.xlsx
realtime,2026-02-21,2026-02-21,2026-02-21 21:00:00,21,17_24,67.489,2026-06-27T11:11:45.279494+00:00,data/shandong_pmos_hourly.xlsx
realtime,2026-02-21,2026-02-21,2026-02-21 22:00:00,22,17_24,293.448,2026-06-27T11:11:45.279494+00:00,data/shandong_pmos_hourly.xlsx
realtime,2026-02-21,2026-02-21,2026-02-21 23:00:00,23,17_24,34.186,2026-06-27T11:11:45.279494+00:00,data/shandong_pmos_hourly.xlsx
realtime,2026-02-21,2026-02-21,2026-02-21 19:00:00,19,17_24,167.212,2026-06-27T11:11:45.279494+00:00,data/shandong_pmos_hourly.xlsx
realtime,2026-02-21,2026-02-21,2026-02-21 13:00:00,13,9_16,-80.0,2026-06-27T11:11:45.279494+00:00,data/shandong_pmos_hourly.xlsx
realtime,2026-02-21,2026-02-21,2026-02-21 07:00:00,7,1_8,-80.0,2026-06-27T11:11:45.279494+00:00,data/shandong_pmos_hourly.xlsx
realtime,2026-02-21,2026-02-21,2026-02-21 11:00:00,11,9_16,-80.0,2026-06-27T11:11:45.279494+00:00,data/shandong_pmos_hourly.xlsx
realtime,2026-02-21,2026-02-21,2026-02-21 01:00:00,1,1_8,-80.0,2026-06-27T11:11:45.279494+00:00,data/shandong_pmos_hourly.xlsx
realtime,2026-02-21,2026-02-21,2026-02-21 02:00:00,2,1_8,-80.0,2026-06-27T11:11:45.279494+00:00,data/shandong_pmos_hourly.xlsx
realtime,2026-02-21,2026-02-21,2026-02-21 03:00:00,3,1_8,-80.0,2026-06-27T11:11:45.279494+00:00,data/shandong_pmos_hourly.xlsx
realtime,2026-02-21,2026-02-21,2026-02-21 04:00:00,4,1_8,-80.0,2026-06-27T11:11:45.279494+00:00,data/shandong_pmos_hourly.xlsx
realtime,2026-02-21,2026-02-21,2026-02-21 12:00:00,12,9_16,-80.0,2026-06-27T11:11:45.279494+00:00,data/shandong_pmos_hourly.xlsx
realtime,2026-02-21,2026-02-21,2026-02-21 06:00:00,6,1_8,-80.0,2026-06-27T11:11:45.279494+00:00,data/shandong_pmos_hourly.xlsx
realtime,2026-02-21,2026-02-21,2026-02-21 08:00:00,8,1_8,-80.0,2026-06-27T11:11:45.279494+00:00,data/shandong_pmos_hourly.xlsx
realtime,2026-02-21,2026-02-21,2026-02-21 09:00:00,9,9_16,-80.0,2026-06-27T11:11:45.279494+00:00,data/shandong_pmos_hourly.xlsx
realtime,2026-02-21,2026-02-21,2026-02-21 10:00:00,10,9_16,-80.0,2026-06-27T11:11:45.279494+00:00,data/shandong_pmos_hourly.xlsx
realtime,2026-02-21,2026-02-21,2026-02-21 05:00:00,5,1_8,-80.0,2026-06-27T11:11:45.279494+00:00,data/shandong_pmos_hourly.xlsx
realtime,2026-02-22,2026-02-22,2026-02-22 15:00:00,15,9_16,-80.0,2026-06-27T11:11:59.466877+00:00,data/shandong_pmos_hourly.xlsx
realtime,2026-02-22,2026-02-22,2026-02-23 00:00:00,24,17_24,367.773,2026-06-27T11:11:59.466877+00:00,data/shandong_pmos_hourly.xlsx
realtime,2026-02-22,2026-02-22,2026-02-22 23:00:00,23,17_24,359.18,2026-06-27T11:11:59.466877+00:00,data/shandong_pmos_hourly.xlsx
realtime,2026-02-22,2026-02-22,2026-02-22 22:00:00,22,17_24,362.864,2026-06-27T11:11:59.466877+00:00,data/shandong_pmos_hourly.xlsx
realtime,2026-02-22,2026-02-22,2026-02-22 21:00:00,21,17_24,386.052,2026-06-27T11:11:59.466877+00:00,data/shandong_pmos_hourly.xlsx
realtime,2026-02-22,2026-02-22,2026-02-22 20:00:00,20,17_24,426.655,2026-06-27T11:11:59.466877+00:00,data/shandong_pmos_hourly.xlsx
realtime,2026-02-22,2026-02-22,2026-02-22 19:00:00,19,17_24,454.851,2026-06-27T11:11:59.466877+00:00,data/shandong_pmos_hourly.xlsx
realtime,2026-02-22,2026-02-22,2026-02-22 18:00:00,18,17_24,469.615,2026-06-27T11:11:59.466877+00:00,data/shandong_pmos_hourly.xlsx
realtime,2026-02-22,2026-02-22,2026-02-22 17:00:00,17,17_24,-58.272,2026-06-27T11:11:59.466877+00:00,data/shandong_pmos_hourly.xlsx
realtime,2026-02-22,2026-02-22,2026-02-22 16:00:00,16,9_16,-80.0,2026-06-27T11:11:59.466877+00:00,data/shandong_pmos_hourly.xlsx
realtime,2026-02-22,2026-02-22,2026-02-22 14:00:00,14,9_16,-80.0,2026-06-27T11:11:59.466877+00:00,data/shandong_pmos_hourly.xlsx
realtime,2026-02-22,2026-02-22,2026-02-22 13:00:00,13,9_16,-80.0,2026-06-27T11:11:59.466877+00:00,data/shandong_pmos_hourly.xlsx
realtime,2026-02-22,2026-02-22,2026-02-22 01:00:00,1,1_8,-80.0,2026-06-27T11:11:59.466877+00:00,data/shandong_pmos_hourly.xlsx
realtime,2026-02-22,2026-02-22,2026-02-22 12:00:00,12,9_16,-80.0,2026-06-27T11:11:59.466877+00:00,data/shandong_pmos_hourly.xlsx
realtime,2026-02-22,2026-02-22,2026-02-22 02:00:00,2,1_8,-80.0,2026-06-27T11:11:59.466877+00:00,data/shandong_pmos_hourly.xlsx
realtime,2026-02-22,2026-02-22,2026-02-22 03:00:00,3,1_8,-80.0,2026-06-27T11:11:59.466877+00:00,data/shandong_pmos_hourly.xlsx
realtime,2026-02-22,2026-02-22,2026-02-22 05:00:00,5,1_8,-80.0,2026-06-27T11:11:59.466877+00:00,data/shandong_pmos_hourly.xlsx
realtime,2026-02-22,2026-02-22,2026-02-22 06:00:00,6,1_8,-47.402,2026-06-27T11:11:59.466877+00:00,data/shandong_pmos_hourly.xlsx
realtime,2026-02-22,2026-02-22,2026-02-22 04:00:00,4,1_8,-80.0,2026-06-27T11:11:59.466877+00:00,data/shandong_pmos_hourly.xlsx
realtime,2026-02-22,2026-02-22,2026-02-22 08:00:00,8,1_8,-80.0,2026-06-27T11:11:59.466877+00:00,data/shandong_pmos_hourly.xlsx
realtime,2026-02-22,2026-02-22,2026-02-22 09:00:00,9,9_16,-80.0,2026-06-27T11:11:59.466877+00:00,data/shandong_pmos_hourly.xlsx
realtime,2026-02-22,2026-02-22,2026-02-22 10:00:00,10,9_16,-80.0,2026-06-27T11:11:59.466877+00:00,data/shandong_pmos_hourly.xlsx
realtime,2026-02-22,2026-02-22,2026-02-22 11:00:00,11,9_16,-80.0,2026-06-27T11:11:59.466877+00:00,data/shandong_pmos_hourly.xlsx
realtime,2026-02-22,2026-02-22,2026-02-22 07:00:00,7,1_8,-76.982,2026-06-27T11:11:59.466877+00:00,data/shandong_pmos_hourly.xlsx
realtime,2026-02-23,2026-02-23,2026-02-24 00:00:00,24,17_24,350.262,2026-06-27T11:12:13.241902+00:00,data/shandong_pmos_hourly.xlsx
realtime,2026-02-23,2026-02-23,2026-02-23 15:00:00,15,9_16,377.481,2026-06-27T11:12:13.241902+00:00,data/shandong_pmos_hourly.xlsx
realtime,2026-02-23,2026-02-23,2026-02-23 16:00:00,16,9_16,439.174,2026-06-27T11:12:13.241902+00:00,data/shandong_pmos_hourly.xlsx
realtime,2026-02-23,2026-02-23,2026-02-23 17:00:00,17,17_24,472.294,2026-06-27T11:12:13.241902+00:00,data/shandong_pmos_hourly.xlsx
realtime,2026-02-23,2026-02-23,2026-02-23 18:00:00,18,17_24,583.255,2026-06-27T11:12:13.241902+00:00,data/shandong_pmos_hourly.xlsx
realtime,2026-02-23,2026-02-23,2026-02-23 14:00:00,14,9_16,355.462,2026-06-27T11:12:13.241902+00:00,data/shandong_pmos_hourly.xlsx
realtime,2026-02-23,2026-02-23,2026-02-23 20:00:00,20,17_24,428.525,2026-06-27T11:12:13.241902+00:00,data/shandong_pmos_hourly.xlsx
realtime,2026-02-23,2026-02-23,2026-02-23 21:00:00,21,17_24,428.016,2026-06-27T11:12:13.241902+00:00,data/shandong_pmos_hourly.xlsx
realtime,2026-02-23,2026-02-23,2026-02-23 22:00:00,22,17_24,412.723,2026-06-27T11:12:13.241902+00:00,data/shandong_pmos_hourly.xlsx
realtime,2026-02-23,2026-02-23,2026-02-23 23:00:00,23,17_24,397.58,2026-06-27T11:12:13.241902+00:00,data/shandong_pmos_hourly.xlsx
realtime,2026-02-23,2026-02-23,2026-02-23 19:00:00,19,17_24,458.374,2026-06-27T11:12:13.241902+00:00,data/shandong_pmos_hourly.xlsx
realtime,2026-02-23,2026-02-23,2026-02-23 13:00:00,13,9_16,366.088,2026-06-27T11:12:13.241902+00:00,data/shandong_pmos_hourly.xlsx
realtime,2026-02-23,2026-02-23,2026-02-23 07:00:00,7,1_8,-59.599,2026-06-27T11:12:13.241902+00:00,data/shandong_pmos_hourly.xlsx
realtime,2026-02-23,2026-02-23,2026-02-23 11:00:00,11,9_16,356.038,2026-06-27T11:12:13.241902+00:00,data/shandong_pmos_hourly.xlsx
realtime,2026-02-23,2026-02-23,2026-02-23 10:00:00,10,9_16,336.951,2026-06-27T11:12:13.241902+00:00,data/shandong_pmos_hourly.xlsx
realtime,2026-02-23,2026-02-23,2026-02-23 09:00:00,9,9_16,309.532,2026-06-27T11:12:13.241902+00:00,data/shandong_pmos_hourly.xlsx
realtime,2026-02-23,2026-02-23,2026-02-23 08:00:00,8,1_8,74.059,2026-06-27T11:12:13.241902+00:00,data/shandong_pmos_hourly.xlsx
realtime,2026-02-23,2026-02-23,2026-02-23 06:00:00,6,1_8,-47.944,2026-06-27T11:12:13.241902+00:00,data/shandong_pmos_hourly.xlsx
realtime,2026-02-23,2026-02-23,2026-02-23 05:00:00,5,1_8,39.447,2026-06-27T11:12:13.241902+00:00,data/shandong_pmos_hourly.xlsx
realtime,2026-02-23,2026-02-23,2026-02-23 04:00:00,4,1_8,124.513,2026-06-27T11:12:13.241902+00:00,data/shandong_pmos_hourly.xlsx
realtime,2026-02-23,2026-02-23,2026-02-23 03:00:00,3,1_8,290.621,2026-06-27T11:12:13.241902+00:00,data/shandong_pmos_hourly.xlsx
realtime,2026-02-23,2026-02-23,2026-02-23 02:00:00,2,1_8,288.125,2026-06-27T11:12:13.241902+00:00,data/shandong_pmos_hourly.xlsx
realtime,2026-02-23,2026-02-23,2026-02-23 01:00:00,1,1_8,309.335,2026-06-27T11:12:13.241902+00:00,data/shandong_pmos_hourly.xlsx
realtime,2026-02-23,2026-02-23,2026-02-23 12:00:00,12,9_16,384.235,2026-06-27T11:12:13.241902+00:00,data/shandong_pmos_hourly.xlsx
realtime,2026-02-24,2026-02-24,2026-02-24 01:00:00,1,1_8,337.395,2026-06-27T13:17:10.389224+00:00,data/shandong_pmos_hourly.xlsx
realtime,2026-02-24,2026-02-24,2026-02-24 02:00:00,2,1_8,354.311,2026-06-27T13:17:10.389224+00:00,data/shandong_pmos_hourly.xlsx
realtime,2026-02-24,2026-02-24,2026-02-24 03:00:00,3,1_8,359.001,2026-06-27T13:17:10.389224+00:00,data/shandong_pmos_hourly.xlsx
realtime,2026-02-24,2026-02-24,2026-02-24 04:00:00,4,1_8,351.47,2026-06-27T13:17:10.389224+00:00,data/shandong_pmos_hourly.xlsx
realtime,2026-02-24,2026-02-24,2026-02-24 05:00:00,5,1_8,352.822,2026-06-27T13:17:10.389224+00:00,data/shandong_pmos_hourly.xlsx
realtime,2026-02-24,2026-02-24,2026-02-24 06:00:00,6,1_8,356.215,2026-06-27T13:17:10.389224+00:00,data/shandong_pmos_hourly.xlsx
realtime,2026-02-24,2026-02-24,2026-02-24 07:00:00,7,1_8,344.967,2026-06-27T13:17:10.389224+00:00,data/shandong_pmos_hourly.xlsx
realtime,2026-02-24,2026-02-24,2026-02-24 08:00:00,8,1_8,381.721,2026-06-27T13:17:10.389224+00:00,data/shandong_pmos_hourly.xlsx
realtime,2026-02-24,2026-02-24,2026-02-24 09:00:00,9,9_16,403.517,2026-06-27T13:17:10.389224+00:00,data/shandong_pmos_hourly.xlsx
realtime,2026-02-24,2026-02-24,2026-02-24 10:00:00,10,9_16,294.437,2026-06-27T13:17:10.389224+00:00,data/shandong_pmos_hourly.xlsx
realtime,2026-02-24,2026-02-24,2026-02-24 11:00:00,11,9_16,-22.413,2026-06-27T13:17:10.389224+00:00,data/shandong_pmos_hourly.xlsx
realtime,2026-02-24,2026-02-24,2026-02-24 12:00:00,12,9_16,256.29,2026-06-27T13:17:10.389224+00:00,data/shandong_pmos_hourly.xlsx
realtime,2026-02-24,2026-02-24,2026-02-24 13:00:00,13,9_16,295.465,2026-06-27T13:17:10.389224+00:00,data/shandong_pmos_hourly.xlsx
realtime,2026-02-24,2026-02-24,2026-02-24 14:00:00,14,9_16,315.865,2026-06-27T13:17:10.389224+00:00,data/shandong_pmos_hourly.xlsx
realtime,2026-02-24,2026-02-24,2026-02-24 15:00:00,15,9_16,321.606,2026-06-27T13:17:10.389224+00:00,data/shandong_pmos_hourly.xlsx
realtime,2026-02-24,2026-02-24,2026-02-24 16:00:00,16,9_16,355.63,2026-06-27T13:17:10.389224+00:00,data/shandong_pmos_hourly.xlsx
realtime,2026-02-24,2026-02-24,2026-02-24 17:00:00,17,17_24,397.189,2026-06-27T13:17:10.389224+00:00,data/shandong_pmos_hourly.xlsx
realtime,2026-02-24,2026-02-24,2026-02-24 18:00:00,18,17_24,393.498,2026-06-27T13:17:10.389224+00:00,data/shandong_pmos_hourly.xlsx
realtime,2026-02-24,2026-02-24,2026-02-24 19:00:00,19,17_24,374.691,2026-06-27T13:17:10.389224+00:00,data/shandong_pmos_hourly.xlsx
realtime,2026-02-24,2026-02-24,2026-02-24 20:00:00,20,17_24,364.501,2026-06-27T13:17:10.389224+00:00,data/shandong_pmos_hourly.xlsx
realtime,2026-02-24,2026-02-24,2026-02-24 21:00:00,21,17_24,358.905,2026-06-27T13:17:10.389224+00:00,data/shandong_pmos_hourly.xlsx
realtime,2026-02-24,2026-02-24,2026-02-24 22:00:00,22,17_24,355.667,2026-06-27T13:17:10.389224+00:00,data/shandong_pmos_hourly.xlsx
realtime,2026-02-24,2026-02-24,2026-02-24 23:00:00,23,17_24,344.743,2026-06-27T13:17:10.389224+00:00,data/shandong_pmos_hourly.xlsx
realtime,2026-02-24,2026-02-24,2026-02-25 00:00:00,24,17_24,325.386,2026-06-27T13:17:10.389224+00:00,data/shandong_pmos_hourly.xlsx
realtime,2026-02-25,2026-02-25,2026-02-25 01:00:00,1,1_8,300.0,2026-06-27T13:27:40.719526+00:00,data/shandong_pmos_hourly.xlsx
realtime,2026-02-25,2026-02-25,2026-02-25 02:00:00,2,1_8,290.184,2026-06-27T13:27:40.719526+00:00,data/shandong_pmos_hourly.xlsx
realtime,2026-02-25,2026-02-25,2026-02-25 03:00:00,3,1_8,350.799,2026-06-27T13:27:40.719526+00:00,data/shandong_pmos_hourly.xlsx
realtime,2026-02-25,2026-02-25,2026-02-25 04:00:00,4,1_8,337.472,2026-06-27T13:27:40.719526+00:00,data/shandong_pmos_hourly.xlsx
realtime,2026-02-25,2026-02-25,2026-02-25 05:00:00,5,1_8,339.253,2026-06-27T13:27:40.719526+00:00,data/shandong_pmos_hourly.xlsx
realtime,2026-02-25,2026-02-25,2026-02-25 06:00:00,6,1_8,318.097,2026-06-27T13:27:40.719526+00:00,data/shandong_pmos_hourly.xlsx
realtime,2026-02-25,2026-02-25,2026-02-25 07:00:00,7,1_8,270.495,2026-06-27T13:27:40.719526+00:00,data/shandong_pmos_hourly.xlsx
realtime,2026-02-25,2026-02-25,2026-02-25 08:00:00,8,1_8,326.548,2026-06-27T13:27:40.719526+00:00,data/shandong_pmos_hourly.xlsx
realtime,2026-02-25,2026-02-25,2026-02-25 09:00:00,9,9_16,333.902,2026-06-27T13:27:40.719526+00:00,data/shandong_pmos_hourly.xlsx
realtime,2026-02-25,2026-02-25,2026-02-25 10:00:00,10,9_16,194.342,2026-06-27T13:27:40.719526+00:00,data/shandong_pmos_hourly.xlsx
realtime,2026-02-25,2026-02-25,2026-02-25 11:00:00,11,9_16,-80.0,2026-06-27T13:27:40.719526+00:00,data/shandong_pmos_hourly.xlsx
realtime,2026-02-25,2026-02-25,2026-02-25 12:00:00,12,9_16,-77.301,2026-06-27T13:27:40.719526+00:00,data/shandong_pmos_hourly.xlsx
realtime,2026-02-25,2026-02-25,2026-02-25 13:00:00,13,9_16,-71.568,2026-06-27T13:27:40.719526+00:00,data/shandong_pmos_hourly.xlsx
realtime,2026-02-25,2026-02-25,2026-02-25 14:00:00,14,9_16,-80.0,2026-06-27T13:27:40.719526+00:00,data/shandong_pmos_hourly.xlsx
realtime,2026-02-25,2026-02-25,2026-02-25 15:00:00,15,9_16,-80.0,2026-06-27T13:27:40.719526+00:00,data/shandong_pmos_hourly.xlsx
realtime,2026-02-25,2026-02-25,2026-02-25 16:00:00,16,9_16,4.631,2026-06-27T13:27:40.719526+00:00,data/shandong_pmos_hourly.xlsx
realtime,2026-02-25,2026-02-25,2026-02-25 17:00:00,17,17_24,400.065,2026-06-27T13:27:40.719526+00:00,data/shandong_pmos_hourly.xlsx
realtime,2026-02-25,2026-02-25,2026-02-25 18:00:00,18,17_24,453.799,2026-06-27T13:27:40.719526+00:00,data/shandong_pmos_hourly.xlsx
realtime,2026-02-25,2026-02-25,2026-02-25 19:00:00,19,17_24,437.858,2026-06-27T13:27:40.719526+00:00,data/shandong_pmos_hourly.xlsx
realtime,2026-02-25,2026-02-25,2026-02-25 20:00:00,20,17_24,429.736,2026-06-27T13:27:40.719526+00:00,data/shandong_pmos_hourly.xlsx
realtime,2026-02-25,2026-02-25,2026-02-25 21:00:00,21,17_24,439.613,2026-06-27T13:27:40.719526+00:00,data/shandong_pmos_hourly.xlsx
realtime,2026-02-25,2026-02-25,2026-02-25 22:00:00,22,17_24,444.404,2026-06-27T13:27:40.719526+00:00,data/shandong_pmos_hourly.xlsx
realtime,2026-02-25,2026-02-25,2026-02-25 23:00:00,23,17_24,432.062,2026-06-27T13:27:40.719526+00:00,data/shandong_pmos_hourly.xlsx
realtime,2026-02-25,2026-02-25,2026-02-26 00:00:00,24,17_24,429.704,2026-06-27T13:27:40.719526+00:00,data/shandong_pmos_hourly.xlsx
